FILENAME,URL,URLLength,Domain,DomainLength,IsDomainIP,TLD,URLSimilarityIndex,CharContinuationRate,TLDLegitimateProb,URLCharProb,TLDLength,NoOfSubDomain,HasObfuscation,NoOfObfuscatedChar,ObfuscationRatio,NoOfLettersInURL,LetterRatioInURL,NoOfDegitsInURL,DegitRatioInURL,NoOfEqualsInURL,NoOfQMarkInURL,NoOfAmpersandInURL,NoOfOtherSpecialCharsInURL,SpacialCharRatioInURL,IsHTTPS,LineOfCode,LargestLineLength,HasTitle,Title,DomainTitleMatchScore,URLTitleMatchScore,HasFavicon,Robots,IsResponsive,NoOfURLRedirect,NoOfSelfRedirect,HasDescription,NoOfPopup,NoOfiFrame,HasExternalFormSubmit,HasSocialNet,HasSubmitButton,HasHiddenFields,HasPasswordField,Bank,Pay,Crypto,HasCopyrightInfo,NoOfImage,NoOfCSS,NoOfJS,NoOfSelfRef,NoOfEmptyRef,NoOfExternalRef,label
7990374.txt,https://sites.google.com/view/ptss18/?tm,39,sites.google.com,16,0,com,53.17377732,0.583333333,0.5229071,0.054947023,3,1,0,0,0.0,23,0.59,2,0.051,0,1,0,5,0.154,1,2,48,0,0,0.0,0.0,0,0,0,0,0,0,0,0,0,0,0,0,0,0,0,0,0,0,0,0,0,0,0,0
475317.txt,https://www.riverapes.com,24,www.riverapes.com,17,0,com,100.0,1.0,0.5229071,0.064981474,3,1,0,0,0.0,11,0.458,0,0.0,0,0,0,1,0.042,1,236,9381,1,riverapes,100.0,100.0,0,1,1,0,0,0,0,1,0,1,1,0,0,0,0,0,0,7,7,7,40,0,46,1
8009459.txt,https://web-flsacct.dyndns.berlin/?ghost,39,web-flsacct.dyndns.berlin,25,0,berlin,31.36837121,0.444444444,9.4e-05,0.050445597,6,1,0,0,0.0,26,0.667,0,0.0,0,1,0,4,0.128,1,16,286,1,web-flsacctdyndns?ghos,0.0,0.0,0,0,1,0,0,0,0,0,0,0,0,0,0,0,0,0,0,0,0,0,0,0,1,0
548544.txt,https://www.findmyproperty.com,29,www.findmyproperty.com,22,0,com,100.0,1.0,0.5229071,0.053183197,3,1,0,0,0.0,16,0.552,0,0.0,0,0,0,1,0.034,1,775,822,1,findmyproperty,100.0,100.0,1,0,1,0,0,1,0,2,0,1,1,1,0,0,0,0,1,22,6,14,32,4,39,1
510769.txt,https://www.dudafresh.com,24,www.dudafresh.com,17,0,com,100.0,1.0,0.5229071,0.054067314,3,1,0,0,0.0,11,0.458,0,0.0,0,0,0,1,0.042,1,1263,1347,1,dudafresh,100.0,100.0,0,0,1,0,0,1,1,1,0,1,0,1,0,0,0,0,0,79,6,14,62,0,59,1
8129595.txt,https://www.loganpowerpoles.com/jp/webmail.php?_user=aaaa@example.jp,68,www.loganpowerpoles.com,23,0,com,23.76588793,1.0,0.5229071,0.054614702,3,1,0,0,0.0,47,0.691,0,0.0,1,1,0,7,0.132,1,86,25551,1,loganpowerpolesjpwebmailphp?_user=aaaa@examplejp,0.0,0.0,1,1,0,0,0,0,0,0,0,0,1,1,1,0,0,0,0,1,2,5,0,0,5,0
709293.txt,https://www.toysnbricks.com,26,www.toysnbricks.com,19,0,com,100.0,1.0,0.5229071,0.057846833,3,1,0,0,0.0,13,0.5,0,0.0,0,0,0,1,0.038,1,1178,9615,1,toysnbricks,100.0,100.0,1,1,1,0,0,1,1,0,0,1,1,1,0,0,0,0,1,30,7,12,201,0,244,1
392227.txt,https://www.nersc.no,19,www.nersc.no,12,0,no,100.0,1.0,0.0023289,0.065872154,2,1,0,0,0.0,6,0.316,0,0.0,0,0,0,1,0.053,1,688,7183,1,ersc,80.0,80.0,1,0,0,0,0,0,0,1,0,1,1,1,0,0,0,0,1,16,6,4,72,0,23,1
554528.txt,https://www.paducahky.gov,24,www.paducahky.gov,17,0,gov,100.0,1.0,0.0033282,0.046077783,3,1,0,0,0.0,11,0.458,0,0.0,0,0,0,1,0.042,1,704,11087,1,paducahky,100.0,100.0,0,0,1,0,0,0,0,1,0,1,1,1,0,0,0,0,0,26,3,15,143,0,27,1
8139507.txt,https://cf-ipfs.com/ipfs/qma3wgbldpg8qgzm41cer7bpq9vxffy31yzswbhirevtqd/sharepoint.html,87,cf-ipfs.com,11,0,com,11.61272232,0.714285714,0.5229071,0.036382209,3,0,0,0,0.0,65,0.747,8,0.092,0,0,0,6,0.069,1,2,143,0,0,0.0,0.0,0,0,0,0,0,0,0,0,0,0,0,0,0,0,0,0,0,0,0,0,0,0,0,0
81271.txt,https://www.telegram.dog,23,www.telegram.dog,16,0,dog,100.0,1.0,1.99e-05,0.064314501,3,1,0,0,0.0,10,0.435,0,0.0,0,0,0,1,0.043,1,285,3596,1,telegram,100.0,100.0,1,0,1,0,0,0,0,0,0,0,0,0,0,0,0,0,0,13,2,2,46,1,3,1
oph02804.txt,https://pseudographeme.live/,28,pseudographeme.live,19,0,live,48.53185596,1.0,0.0003718,0.055700614,4,0,0,0,0.0,18,0.643,0,0.0,0,0,0,2,0.071,1,118,1694,0,0,0.0,0.0,0,0,0,0,0,0,0,0,0,0,0,0,0,0,0,0,0,0,0,0,0,0,0,0
8134533.txt,https://dhlexpress.997967.saudediaria.club/verfolgung/4396576?page=007,70,dhlexpress.997967.saudediaria.club,34,0,club,18.20524255,0.620689655,0.0006227,0.036826403,4,2,0,0,0.0,39,0.557,16,0.229,1,1,0,5,0.1,1,17,78,1,dhlexpress997967saudediariaverfolgung4396576?page=007,0.0,0.0,0,0,0,0,0,0,0,0,0,0,0,0,0,0,0,0,0,0,0,0,0,0,0,0
8114148.txt,https://pictoralsefarilogistics.firebaseapp.com/,48,pictoralsefarilogistics.firebaseapp.com,39,0,com,47.85667324,0.685714286,0.5229071,0.061041007,3,1,0,0,0.0,37,0.771,0,0.0,0,0,0,3,0.062,1,26,122,0,0,0.0,0.0,0,0,0,1,0,0,0,0,0,0,0,0,0,0,0,0,0,0,0,0,0,0,1,0
245328.txt,https://www.holsten-galerie.de,29,www.holsten-galerie.de,22,0,de,100.0,0.533333333,0.0326503,0.060942864,2,1,0,0,0.0,15,0.517,0,0.0,0,0,0,2,0.069,1,700,7559,1,holsten-galerie,100.0,100.0,1,0,1,0,0,1,0,1,0,1,0,1,0,0,1,0,0,43,3,7,67,0,47,1
8001676.txt,https://attnet-109962.weeblysite.com/,36,attnet-109962.weeblysite.com,28,0,com,41.80154821,0.708333333,0.5229071,0.046862788,3,1,0,0,0.0,19,0.528,6,0.167,0,0,0,3,0.083,1,68,80,1,attnet-109962weeblysite,0.0,0.0,0,0,0,0,0,0,0,0,0,0,0,0,0,0,0,0,0,0,0,0,0,0,1,0
8029352.txt,https://att-101673-104801.square.site/,37,att-101673-104801.square.site,29,0,site,61.00673801,0.541666667,0.0017656,0.031815999,4,1,0,0,0.0,13,0.351,12,0.324,0,0,0,4,0.108,1,68,80,1,att-101673-104801square,0.0,0.0,0,0,0,0,0,0,0,0,0,0,0,0,0,0,0,0,0,0,0,0,0,0,1,0
mw26416.txt,http://www.mail.secured-auth.cf,30,www.mail.secured-auth.cf,24,0,cf,54.35992579,0.470588235,0.0001858,0.059133408,2,2,0,0,0.0,16,0.533,0,0.0,0,0,0,3,0.1,0,20,213,1,mailseured-auth,0.0,0.0,0,0,0,1,1,0,0,0,0,0,0,0,0,0,0,0,0,0,0,0,0,0,0,0
523694.txt,https://www.alvarae.com,22,www.alvarae.com,15,0,com,100.0,1.0,0.5229071,0.069468093,3,1,0,0,0.0,9,0.409,0,0.0,0,0,0,1,0.045,1,4570,18790,1,alvarae,100.0,100.0,0,0,1,0,0,1,0,19,0,1,1,1,1,1,1,0,0,128,3,26,127,6,27,1
oph12277.txt,https://ebaiy.vip/,18,ebaiy.vip,9,0,vip,77.28395062,1.0,0.0001067,0.046233603,3,0,0,0,0.0,8,0.444,0,0.0,0,0,0,2,0.111,1,90,14437,1,ebaiy,100.0,100.0,1,0,1,0,0,0,0,0,0,0,0,0,0,0,0,0,0,1,1,2,1,0,1,0
812400.txt,https://www.theanchor.ca,23,www.theanchor.ca,16,0,ca,100.0,1.0,0.0101825,0.064149804,2,1,0,0,0.0,10,0.435,0,0.0,0,0,0,1,0.043,1,4294,24126,1,theanhor,0.0,0.0,0,1,1,0,0,1,2,10,1,1,1,0,0,0,1,0,1,33,14,13,94,0,121,1
oph05373.txt,https://www.perfectbs.co.in/ato/mygov/index2.html,49,www.perfectbs.co.in,19,0,in,35.78870478,0.833333333,0.0050842,0.053835459,2,2,0,0,0.0,30,0.612,1,0.02,0,0,0,6,0.122,1,110,226,1,perfectbscoatomygovdex2html,0.0,0.0,1,0,1,0,0,1,0,0,0,0,1,0,1,0,1,0,1,0,2,0,0,0,2,0
mw1043.txt,http://www.trredfcjrottrdtwwq.net,32,www.trredfcjrottrdtwwq.net,26,0,net,38.13646671,1.0,0.0384199,0.049225186,3,1,0,0,0.0,20,0.625,0,0.0,0,0,0,1,0.031,0,2,40,0,0,0.0,0.0,0,0,0,0,0,0,0,0,0,0,0,0,0,0,0,0,0,0,0,0,0,0,0,0
mw5314.txt,http://www.apjgtipty.com,23,www.apjgtipty.com,17,0,com,68.5545224,1.0,0.5229071,0.047958192,3,1,0,0,0.0,11,0.478,0,0.0,0,0,0,1,0.043,0,3,31,0,0,0.0,0.0,0,0,0,0,0,0,0,0,0,0,0,0,0,0,0,0,0,0,0,0,0,0,0,0
110705.txt,https://www.lbi.org,18,www.lbi.org,11,0,org,100.0,1.0,0.0799628,0.058688099,3,1,0,0,0.0,5,0.278,0,0.0,0,0,0,1,0.056,1,1808,323,1,lbi,100.0,100.0,1,0,1,0,0,0,0,2,0,1,1,0,0,0,1,0,1,27,2,5,74,1,6,1
740142.txt,https://www.lomarecords.com,26,www.lomarecords.com,19,0,com,100.0,1.0,0.5229071,0.072187112,3,1,0,0,0.0,13,0.5,0,0.0,0,0,0,1,0.038,1,353,420,1,lomarerds,0.0,0.0,0,1,0,0,0,1,0,0,0,0,0,0,0,0,0,0,1,44,3,4,99,0,100,1
170188.txt,https://www.lowimpact.org,24,www.lowimpact.org,17,0,org,100.0,1.0,0.0799628,0.061817112,3,1,0,0,0.0,11,0.458,0,0.0,0,0,0,1,0.042,1,765,1363,1,lowimpact,100.0,100.0,1,1,1,0,0,1,4,0,0,1,0,0,0,1,0,0,1,29,1,3,82,0,83,1
582552.txt,https://www.sara.cz,18,www.sara.cz,11,0,cz,100.0,1.0,0.0036307,0.070716565,2,1,0,0,0.0,5,0.278,0,0.0,0,0,0,1,0.056,1,2425,556,1,sara,100.0,100.0,1,1,1,0,0,1,0,0,1,0,1,1,0,0,1,0,1,65,1,4,107,2,72,1
mw130309.txt,http://www.yt-shapatak.cf,25,www.yt-shapatak.cf,18,0,cf,51.37867647,0.818181818,0.0001858,0.04801755,2,1,0,0,0.0,12,0.48,0,0.0,0,0,0,2,0.08,0,20,212,1,yt-shapatak,100.0,100.0,0,0,0,1,1,0,0,0,0,0,0,0,0,0,0,0,0,0,0,0,0,0,0,0
6692.txt,https://www.bankrate.com,23,www.bankrate.com,16,0,com,100.0,1.0,0.5229071,0.064130361,3,1,0,0,0.0,10,0.435,0,0.0,0,0,0,1,0.043,1,6416,23189,1,bankrate,100.0,100.0,0,1,1,0,0,0,0,1,0,1,1,1,0,1,1,1,1,35,2,12,409,0,72,1
8097086.txt,https://7pcb-dot-inlaid-micron-380216.uk.r.appspot.com,54,7pcb-dot-inlaid-micron-380216.uk.r.appspot.com,46,0,com,18.34069138,0.333333333,0.5229071,0.047166727,3,3,0,0,0.0,31,0.574,7,0.13,0,0,0,8,0.148,1,3,52813,0,0,2.380952381,2.380952381,0,0,0,1,0,0,0,1,0,0,1,0,0,0,0,0,0,1,1,1,0,0,1,0
8081527.txt,https://sr-6k-ahg.firebaseapp.com/,34,sr-6k-ahg.firebaseapp.com,25,0,com,68.28840675,0.619047619,0.5229071,0.053121072,3,1,0,0,0.0,20,0.588,1,0.029,0,0,0,5,0.147,1,108,8125,1,sr-6k-ahgfirebaseapp,0.0,0.0,0,0,1,0,0,0,0,0,0,0,0,0,0,0,0,0,0,0,0,0,0,0,3,0
565977.txt,https://www.gilesandgiles.com,28,www.gilesandgiles.com,21,0,com,100.0,1.0,0.5229071,0.06023829,3,1,0,0,0.0,15,0.536,0,0.0,0,0,0,1,0.036,1,516,1387,1,gilesandgiles,100.0,100.0,0,1,1,0,0,1,0,0,0,1,0,0,0,0,1,0,1,12,2,8,11,0,21,1
393902.txt,https://www.wineswithattitude.co.uk,34,www.wineswithattitude.co.uk,27,0,uk,100.0,0.9,0.028555,0.05492664,2,2,0,0,0.0,20,0.588,0,0.0,0,0,0,2,0.059,1,672,2611,1,wineswithattitdeco,0.0,0.0,1,0,1,0,0,1,0,0,0,1,1,1,0,0,1,0,1,7,1,9,42,0,17,1
415135.txt,https://www.aliq.ge,18,www.aliq.ge,11,0,ge,100.0,1.0,0.0001883,0.043485465,2,1,0,0,0.0,5,0.278,0,0.0,0,0,0,1,0.056,1,1002,3815,1,aliq,100.0,100.0,1,0,1,0,0,0,0,1,0,1,1,0,0,0,1,0,1,37,10,18,146,2,154,1
241728.txt,https://www.healthy-liv.com,26,www.healthy-liv.com,19,0,com,100.0,0.727272727,0.5229071,0.051876499,3,1,0,0,0.0,12,0.462,0,0.0,0,0,0,2,0.077,1,547,8047,1,healthy-liv,100.0,100.0,0,1,1,0,0,1,0,3,1,1,1,1,0,0,0,0,1,11,11,17,44,0,48,1
480740.txt,https://www.kilt.io,18,www.kilt.io,11,0,io,100.0,1.0,0.0129268,0.04809248,2,1,0,0,0.0,5,0.278,0,0.0,0,0,0,1,0.056,1,408,723,1,klt,0.0,0.0,0,0,0,0,0,0,0,0,0,1,0,0,0,1,1,0,1,18,1,6,69,0,13,1
753355.txt,https://www.cimcor.com,21,www.cimcor.com,14,0,com,100.0,1.0,0.5229071,0.076292845,3,1,0,0,0.0,8,0.381,0,0.0,0,0,0,1,0.048,1,4602,34368,1,cimr,0.0,0.0,1,0,1,1,0,1,1,17,0,1,1,1,0,0,1,0,1,14,9,16,106,0,114,1
5695650.txt,http://bicicentroslezama.com/ejercicio/2050x/myaccount_done.htm,62,bicicentroslezama.com,21,0,com,20.11166309,1.0,0.5229071,0.057108349,3,0,0,0,0.0,45,0.726,4,0.065,0,0,0,6,0.097,0,14,221,0,0,0.0,2.040816327,0,0,0,1,0,0,0,0,0,0,0,0,0,0,0,0,0,0,0,1,0,0,1,0
82820.txt,https://www.canjurol.com,23,www.canjurol.com,16,0,com,100.0,1.0,0.5229071,0.063203493,3,1,0,0,0.0,10,0.435,0,0.0,0,0,0,1,0.043,1,1040,6688,1,canjurol,100.0,100.0,0,0,1,0,0,1,0,2,0,1,1,1,0,0,0,0,1,21,13,9,68,4,18,1
177658.txt,https://www.dc3.mil,18,www.dc3.mil,11,0,mil,100.0,1.0,0.0002984,0.045819018,3,1,0,0,0.0,4,0.222,1,0.056,0,0,0,1,0.056,1,2445,5977,1,dc3,100.0,100.0,1,1,1,1,0,0,1,4,0,1,1,1,0,0,0,0,0,67,8,9,59,3,98,1
161743.txt,https://www.migrateful.org,25,www.migrateful.org,18,0,org,100.0,1.0,0.0799628,0.057954266,3,1,0,0,0.0,12,0.48,0,0.0,0,0,0,1,0.04,1,1520,9381,1,migrateful,100.0,100.0,0,1,1,0,0,0,0,3,1,1,1,1,0,0,1,0,1,38,39,61,66,0,126,1
mw30640.txt,http://www.service-session-continue.info,39,www.service-session-continue.info,33,0,info,47.91520056,0.375,0.0075051,0.063566094,4,1,0,0,0.0,25,0.641,0,0.0,0,0,0,3,0.077,0,2,48,0,0,0.0,0.0,0,0,0,0,0,0,0,0,0,0,0,0,0,0,0,0,0,0,0,0,0,0,0,0
8107355.txt,https://viewsnet-update.9buyer.cn/,34,viewsnet-update.9buyer.cn,25,0,cn,39.09708525,0.454545455,0.0033218,0.049840835,2,1,0,0,0.0,21,0.618,1,0.029,0,0,0,4,0.118,1,2,42,0,0,0.0,0.0,0,0,0,0,0,0,0,0,0,0,0,0,0,0,0,0,0,0,0,0,0,0,0,0
8060542.txt,https://aol-107896.weeblysite.com/,34,aol-107896.weeblysite.com,25,0,com,66.72,0.80952381,0.5229071,0.045597764,3,1,0,0,0.0,16,0.471,6,0.176,0,0,0,4,0.118,1,271,20506,1,aol-107896weeblysite,0.0,0.0,1,0,1,0,0,0,0,0,0,0,0,1,0,1,1,0,0,19,3,9,1,0,4,0
mw30645.txt,http://www.session-manager.info,30,www.session-manager.info,24,0,info,58.67036011,0.533333333,0.0075051,0.063379883,4,1,0,0,0.0,17,0.567,0,0.0,0,0,0,2,0.067,0,2,39,0,0,0.0,0.0,0,0,0,0,0,0,0,0,0,0,0,0,0,0,0,0,0,0,0,0,0,0,0,0
29261.txt,https://www.freitag.de,21,www.freitag.de,14,0,de,100.0,1.0,0.0326503,0.053081304,2,1,0,0,0.0,8,0.381,0,0.0,0,0,0,1,0.048,1,3991,8005,1,freitag,100.0,100.0,1,0,1,1,1,0,0,1,0,1,0,1,0,0,0,0,1,72,2,3,258,0,269,1
868621.txt,https://www.hisense-europe.com,29,www.hisense-europe.com,22,0,com,100.0,0.571428571,0.5229071,0.067374006,3,1,0,0,0.0,15,0.517,0,0.0,0,0,0,2,0.069,1,456,574,1,hisense-europe,100.0,100.0,1,0,1,1,0,0,0,0,0,0,0,1,0,1,0,0,1,13,2,5,7,0,37,1
8045507.txt,https://coinbize-login.com/,27,coinbize-login.com,18,0,com,77.90773229,0.642857143,0.5229071,0.06299272,3,0,0,0,0.0,16,0.593,0,0.0,0,0,0,3,0.111,1,42,100,1,coinbize-login,100.0,100.0,0,0,0,0,0,0,0,0,0,0,0,0,0,0,0,0,0,0,0,0,0,0,1,0
8116707.txt,https://xionos00001.firebaseapp.com/,36,xionos00001.firebaseapp.com,27,0,com,40.62316285,0.739130435,0.5229071,0.049644116,3,1,0,0,0.0,20,0.556,5,0.139,0,0,0,3,0.083,1,14,557716,1,xionos00001firebaseapp,0.0,0.0,0,0,1,0,0,0,0,1,0,0,0,0,0,0,1,0,0,0,0,0,0,0,0,0
mw129857.txt,http://www.edalatiran.cf,23,www.edalatiran.cf,17,0,cf,59.72789116,1.0,0.0001858,0.065268931,2,1,0,0,0.0,11,0.478,0,0.0,0,0,0,1,0.043,0,8,49,1,edalatiran,100.0,100.0,0,0,0,0,0,0,0,0,0,0,0,0,0,0,0,0,0,0,0,0,0,0,0,0
383283.txt,https://www.beercanada.com,25,www.beercanada.com,18,0,com,100.0,1.0,0.5229071,0.070358659,3,1,0,0,0.0,12,0.48,0,0.0,0,0,0,1,0.04,1,1366,839,1,beercanada,100.0,100.0,1,0,1,0,0,0,0,0,0,1,1,1,0,0,0,0,1,25,2,3,99,12,26,1
8090657.txt,https://aol-mail-101949.weeblysite.com/,39,aol-mail-101949.weeblysite.com,30,0,com,40.86021505,0.653846154,0.5229071,0.04824448,3,1,0,0,0.0,20,0.513,6,0.154,0,0,0,5,0.128,1,273,20518,1,aol-mail-101949weeblysite,0.0,0.0,1,0,1,0,0,0,0,0,0,0,0,1,0,1,1,0,0,19,3,9,1,0,4,0
mw39995.txt,http://www.update.firefoxupdata.com,34,www.update.firefoxupdata.com,28,0,com,48.55072464,0.7,0.5229071,0.054469474,3,2,0,0,0.0,21,0.618,0,0.0,0,0,0,2,0.059,0,2,43,0,0,0.0,0.0,0,0,0,0,0,0,0,0,0,0,0,0,0,0,0,0,0,0,0,0,0,0,0,0
mw156697.txt,http://www.lazovick.biz,22,www.lazovick.biz,16,0,biz,75.75757576,1.0,0.0017975,0.048077413,3,1,0,0,0.0,10,0.455,0,0.0,0,0,0,1,0.045,0,2,2826,1,lazovick,100.0,100.0,0,0,1,0,0,0,0,0,0,0,0,0,0,0,0,0,0,0,0,1,1,0,1,0
865485.txt,https://www.firstadventistchurch.org,35,www.firstadventistchurch.org,28,0,org,100.0,1.0,0.0799628,0.05460411,3,1,0,0,0.0,22,0.629,0,0.0,0,0,0,1,0.029,1,576,5234,1,firstadventistchurch,100.0,100.0,0,0,1,0,0,1,0,0,0,1,0,0,0,0,0,0,1,11,4,6,22,0,10,1
501444.txt,https://www.devaillant.nl,24,www.devaillant.nl,17,0,nl,100.0,1.0,0.0082003,0.055716717,2,1,0,0,0.0,11,0.458,0,0.0,0,0,0,1,0.042,1,392,1075,1,devaillat,0.0,0.0,1,0,1,0,0,1,0,3,0,1,1,1,0,0,0,0,1,14,4,7,30,1,33,1
750243.txt,https://www.dragonschool.org,27,www.dragonschool.org,20,0,org,100.0,1.0,0.0799628,0.066170511,3,1,0,0,0.0,14,0.519,0,0.0,0,0,0,1,0.037,1,1032,9381,1,dragonschool,100.0,100.0,0,1,1,0,0,1,0,3,0,1,0,0,0,0,1,0,1,21,14,14,77,0,26,1
mw49793.txt,http://www.vuryza.ga,19,www.vuryza.ga,13,0,ga,59.01234568,1.0,0.0002256,0.033306368,2,1,0,0,0.0,7,0.368,0,0.0,0,0,0,1,0.053,0,20,207,1,vuryza,100.0,100.0,0,0,0,1,1,0,0,0,0,0,0,0,0,0,0,0,0,0,0,0,0,0,0,0
900146.txt,https://www.thedyepreserve.com,29,www.thedyepreserve.com,22,0,com,100.0,1.0,0.5229071,0.060077384,3,1,0,0,0.0,16,0.552,0,0.0,0,0,0,1,0.034,1,358,1782,1,thedyepreserve,100.0,100.0,0,0,0,0,0,0,0,0,0,1,0,0,0,0,0,0,0,17,2,14,51,0,45,1
745784.txt,https://www.economiademallorca.com,33,www.economiademallorca.com,26,0,com,100.0,1.0,0.5229071,0.073697533,3,1,0,0,0.0,20,0.606,0,0.0,0,0,0,1,0.03,1,3032,12346,1,enomiademallorca,0.0,0.0,0,1,1,1,1,1,0,3,0,1,1,1,0,0,0,0,0,100,4,10,265,10,34,1
oph04049.txt,https://www.login.login.login.verifyyahoomail.com/login.php?https://login.yahoo.com/?.src=ym&.intl=us&.lang=en-us,113,www.login.login.login.verifyyahoomail.com,41,0,com,13.12118238,0.484848485,0.5229071,0.057359977,3,4,0,0,0.0,73,0.646,0,0.0,3,2,0,15,0.177,1,193,1669,1,loginloginloginverifyyahoomailloginphp?loginyahoo?src=ym&intl=us&lang=en-us,0.0,0.0,1,0,0,0,0,0,0,1,0,0,1,0,0,0,0,0,0,2,2,2,0,0,6,0
46675.txt,https://www.cram.com,19,www.cram.com,12,0,com,100.0,1.0,0.5229071,0.075562868,3,1,0,0,0.0,6,0.316,0,0.0,0,0,0,1,0.053,1,1272,5389,1,cram,100.0,100.0,1,0,1,0,0,1,0,2,0,1,1,0,0,0,0,0,1,9,5,14,785,0,9,1
101492.txt,https://www.brianmac.co.uk,25,www.brianmac.co.uk,18,0,uk,100.0,0.818181818,0.028555,0.064582879,2,2,0,0,0.0,11,0.44,0,0.0,0,0,0,2,0.08,1,733,843,1,brianmacco,0.0,0.0,1,0,1,1,1,1,0,0,0,0,1,1,0,0,0,0,1,1,2,13,1,0,3,1
545655.txt,https://www.themouldingcompany.com,33,www.themouldingcompany.com,26,0,com,100.0,1.0,0.5229071,0.058814539,3,1,0,0,0.0,20,0.606,0,0.0,0,0,0,1,0.03,1,3608,27555,1,themouldingmpany,0.0,0.0,1,1,1,0,0,1,0,13,1,1,0,1,0,0,1,0,1,48,21,32,48,1,99,1
592727.txt,https://www.inventum.bg,22,www.inventum.bg,15,0,bg,100.0,1.0,0.0003954,0.050036841,2,1,0,0,0.0,9,0.409,0,0.0,0,0,0,1,0.045,1,1357,5195,1,inventum,100.0,100.0,1,0,1,0,0,1,0,0,0,1,1,0,0,1,0,0,1,29,19,52,79,2,85,1
530510.txt,https://www.rangekleen.com,25,www.rangekleen.com,18,0,com,100.0,1.0,0.5229071,0.065809341,3,1,0,0,0.0,12,0.48,0,0.0,0,0,0,1,0.04,1,4625,34277,1,rangekleen,100.0,100.0,0,0,1,0,0,1,0,19,0,1,1,1,1,1,1,0,1,180,2,21,238,15,61,1
mw65538.txt,http://www.ddchat.cannca.shop,28,www.ddchat.cannca.shop,22,0,shop,47.70083102,0.538461538,0.0004041,0.059946807,4,2,0,0,0.0,15,0.536,0,0.0,0,0,0,2,0.071,0,8,41,1,ddchatcannca,0.0,0.0,0,0,0,0,0,0,0,0,0,0,0,0,0,0,0,0,0,0,0,0,0,0,0,0
103027.txt,https://www.suganthan.com,24,www.suganthan.com,17,0,com,100.0,1.0,0.5229071,0.058910715,3,1,0,0,0.0,11,0.458,0,0.0,0,0,0,1,0.042,1,2175,9381,1,suganthan,100.0,100.0,1,1,1,0,0,1,0,6,0,1,1,1,0,0,0,0,0,151,3,8,53,0,61,1
522716.txt,https://www.celebrityhealthfitness.com,37,www.celebrityhealthfitness.com,30,0,com,100.0,1.0,0.5229071,0.058120888,3,1,0,0,0.0,24,0.649,0,0.0,0,0,0,1,0.027,1,1967,19847,1,celebrityhealthfitness,100.0,100.0,0,1,1,0,0,0,0,0,0,1,1,0,0,0,0,0,1,52,12,14,130,1,134,1
17608.txt,https://www.15min.lt,19,www.15min.lt,12,0,lt,100.0,1.0,0.0005524,0.038077317,2,1,0,0,0.0,4,0.211,2,0.105,0,0,0,1,0.053,1,12912,59566,1,15min,100.0,100.0,1,1,1,0,0,1,1,15,1,1,0,1,0,0,1,0,1,252,11,142,834,3,414,1
8117619.txt,https://kureshnameshindex.web.app/,34,kureshnameshindex.web.app,25,0,app,41.45230769,0.857142857,0.001502,0.049896868,3,1,0,0,0.0,23,0.676,0,0.0,0,0,0,3,0.088,1,26,138,0,0,0.0,0.0,0,0,0,1,0,0,0,0,0,0,0,0,0,0,0,0,0,0,0,0,0,0,1,0
555282.txt,https://www.theparisapartment.com,32,www.theparisapartment.com,25,0,com,100.0,1.0,0.5229071,0.063166903,3,1,0,0,0.0,19,0.594,0,0.0,0,0,0,1,0.031,1,1842,10875,1,theparisapartment,100.0,100.0,0,0,1,0,0,1,0,2,0,1,1,1,0,0,0,0,1,14,3,11,23,0,45,1
47221.txt,https://www.animate-onlineshop.jp,32,www.animate-onlineshop.jp,25,0,jp,100.0,0.611111111,0.0230451,0.061995018,2,1,0,0,0.0,18,0.562,0,0.0,0,0,0,2,0.062,1,2504,972,1,animate-onlineshop,100.0,100.0,0,0,0,0,0,1,0,4,0,0,1,1,0,0,1,0,1,131,10,31,387,1,249,1
19170.txt,https://www.npg.org.uk,21,www.npg.org.uk,14,0,uk,100.0,0.571428571,0.028555,0.047912571,2,2,0,0,0.0,7,0.333,0,0.0,0,0,0,2,0.095,1,1066,2256,1,npgorg,0.0,0.0,1,0,1,0,0,0,0,0,0,1,1,1,0,0,0,0,1,40,10,19,81,2,24,1
mw80740.txt,http://www.gila.com.br,21,www.gila.com.br,15,0,br,82.09366391,0.625,0.0094423,0.059456777,2,2,0,0,0.0,8,0.381,0,0.0,0,0,0,2,0.095,0,2,86,0,0,0.0,0.0,0,0,0,0,0,0,0,0,0,0,0,0,0,0,0,0,0,0,0,0,0,0,1,0
mw79707.txt,http://www.h11.ru,17,www.h11.ru,10,0,ru,82.53968254,1.0,0.0180132,0.024463529,2,1,0,0,0.0,3,0.176,2,0.118,0,0,0,1,0.059,0,9,50,1,h11,100.0,100.0,0,0,0,0,0,0,0,0,0,0,0,0,0,0,0,0,0,0,0,0,0,0,0,0
93988.txt,https://www.emolecules.com,25,www.emolecules.com,18,0,com,100.0,1.0,0.5229071,0.071166822,3,1,0,0,0.0,12,0.48,0,0.0,0,0,0,1,0.04,1,1319,949,1,emolecules,100.0,100.0,0,0,1,0,0,1,0,1,0,1,0,1,0,0,0,0,1,10,18,18,25,0,84,1
467971.txt,https://www.robertkanigel.com,28,www.robertkanigel.com,21,0,com,100.0,1.0,0.5229071,0.06321446,3,1,0,0,0.0,15,0.536,0,0.0,0,0,0,1,0.036,1,510,3023,1,robertkanigel,100.0,100.0,0,0,0,0,0,0,0,0,0,0,0,0,0,0,0,0,1,1,2,3,30,0,3,1
575031.txt,https://www.naftalina.hr,23,www.naftalina.hr,16,0,hr,100.0,1.0,0.0005731,0.055950198,2,1,0,0,0.0,10,0.435,0,0.0,0,0,0,1,0.043,1,2591,19489,1,naftalina,100.0,100.0,1,1,1,1,0,0,0,0,0,1,0,1,0,1,0,0,1,21,35,43,102,1,167,1
589135.txt,https://www.clothyarns.com,25,www.clothyarns.com,18,0,com,100.0,1.0,0.5229071,0.061880581,3,1,0,0,0.0,12,0.48,0,0.0,0,0,0,1,0.04,1,218,1516,1,clothyarns,100.0,100.0,1,0,1,0,0,1,0,0,0,1,0,0,0,0,0,0,0,8,2,4,12,0,30,1
566774.txt,https://www.medeniyyet.az,24,www.medeniyyet.az,17,0,az,100.0,1.0,0.0001673,0.058641891,2,1,0,0,0.0,11,0.458,0,0.0,0,0,0,1,0.042,1,1628,1037,1,medeniyyet,100.0,100.0,1,0,1,0,0,1,0,0,0,0,0,0,0,0,0,0,1,87,7,24,153,52,13,1
161478.txt,https://www.unclaimedbaggage.com,31,www.unclaimedbaggage.com,24,0,com,100.0,1.0,0.5229071,0.059260649,3,1,0,0,0.0,18,0.581,0,0.0,0,0,0,1,0.032,1,13296,46769,1,unclaimedbaggage,100.0,100.0,1,0,1,0,0,1,0,20,0,1,1,1,1,1,1,0,1,208,8,38,765,2,104,1
7994800.txt,https://att-105012.weeblysite.com/,33,att-105012.weeblysite.com,25,0,com,66.69538462,0.80952381,0.5229071,0.044176234,3,1,0,0,0.0,16,0.485,6,0.182,0,0,0,3,0.091,1,173,19456,1,att-105012weeblysite,0.0,0.0,1,0,1,0,0,0,0,0,0,0,0,1,0,1,1,0,0,19,3,9,1,0,4,0
mw132053.txt,http://www.edallathmrah.ga,26,www.edallathmrah.ga,19,0,ga,49.0,1.0,0.0002256,0.056165815,2,1,0,0,0.0,14,0.538,0,0.0,0,0,0,1,0.038,0,20,213,1,edallathmrah,100.0,100.0,0,0,0,1,1,0,0,0,0,0,0,0,0,0,0,0,0,0,0,0,0,0,0,0
8012575.txt,https://zhn8-d5zz.accessdomain.com/~adm1ntg/personal.nedbank.co.za/verfiy/account/clients/login.php,98,zhn8-d5zz.accessdomain.com,26,0,com,10.03449489,0.636363636,0.5229071,0.05457021,3,1,0,0,0.0,73,0.745,3,0.031,0,0,0,14,0.143,1,212,4070,1,zhn8-d5zzaccessdomain~adm1ntgpersonalnedbankcozaverfiyaccountclientsloginph,0.0,0.0,0,0,1,0,0,0,0,0,0,0,0,0,0,1,0,0,1,1,0,0,1,0,1,0
8046734.txt,https://7ae6a8a5-191d-4b8a-b563-6357629589fa.id.repl.co,55,7ae6a8a5-191d-4b8a-b563-6357629589fa.id.repl.co,47,0,co,28.69471054,0.340909091,0.0059772,0.027433566,2,2,0,0,0.0,18,0.327,22,0.4,0,0,0,7,0.127,1,198,869,1,7ae6a8a5-191d-4b8a-b563-6357629589faidrepl,0.0,0.0,0,0,0,0,0,0,0,0,0,0,0,0,0,0,0,0,0,0,0,0,0,0,2,0
158447.txt,https://www.suspekt.org,22,www.suspekt.org,15,0,org,100.0,1.0,0.0799628,0.054791513,3,1,0,0,0.0,9,0.409,0,0.0,0,0,0,1,0.045,1,939,14069,1,suspekt,100.0,100.0,1,1,1,0,0,1,0,4,0,0,1,1,1,0,0,0,1,33,2,14,127,4,130,1
122353.txt,https://www.fdiworlddental.org,29,www.fdiworlddental.org,22,0,org,100.0,1.0,0.0799628,0.05486091,3,1,0,0,0.0,16,0.552,0,0.0,0,0,0,1,0.034,1,1321,981,1,fdiwlddental,0.0,0.0,1,1,1,0,0,1,0,0,0,1,1,1,0,0,1,0,0,20,58,31,177,0,16,1
8068740.txt,https://att-yahoo-maail-hjfjhcchbdhjhsfjw105788.weeblysite.com/,63,att-yahoo-maail-hjfjhcchbdhjhsfjw105788.weeblysite.com,54,0,com,20.22696097,0.48,0.5229071,0.042024475,3,1,0,0,0.0,43,0.683,6,0.095,0,0,0,6,0.095,1,68,80,1,att-yahoo-maail-hjfjhcchbdhjhsfjw105788weeblysite,0.0,0.0,0,0,0,0,0,0,0,0,0,0,0,0,0,0,0,0,0,0,0,0,0,0,1,0
111437.txt,https://www.steinkjer.kommune.no,31,www.steinkjer.kommune.no,24,0,no,100.0,0.588235294,0.0023289,0.057219244,2,2,0,0,0.0,17,0.548,0,0.0,0,0,0,2,0.065,1,746,8764,1,steikjerkommue,0.0,0.0,0,0,1,0,0,1,2,0,0,1,1,1,0,0,0,0,0,3,6,10,28,0,10,1
41234.txt,https://www.stackby.com,22,www.stackby.com,15,0,com,100.0,1.0,0.5229071,0.054730674,3,1,0,0,0.0,9,0.409,0,0.0,0,0,0,1,0.045,1,6809,24212,1,stackby,100.0,100.0,1,0,1,1,0,1,15,16,0,1,1,1,0,0,1,0,1,53,81,23,113,11,92,1
581750.txt,https://www.rethunkjunkbylaura.com,33,www.rethunkjunkbylaura.com,26,0,com,100.0,1.0,0.5229071,0.047925586,3,1,0,0,0.0,20,0.606,0,0.0,0,0,0,1,0.03,1,983,3897,1,rethunkjunkbylaura,100.0,100.0,0,1,1,0,0,1,0,0,0,1,0,1,0,0,1,0,1,29,72,65,131,2,140,1
381598.txt,https://www.ironworkers.org,26,www.ironworkers.org,19,0,org,100.0,1.0,0.0799628,0.065264025,3,1,0,0,0.0,13,0.5,0,0.0,0,0,0,1,0.038,1,1130,2446,1,ironwkers,0.0,0.0,1,0,1,0,0,0,0,0,0,1,1,1,0,0,0,0,1,4,1,7,12,0,20,1
8067525.txt,https://magalu-shop-onlinee.myshopify.com/,42,magalu-shop-onlinee.myshopify.com,33,0,com,59.7634095,0.344827586,0.5229071,0.056825282,3,1,0,0,0.0,29,0.69,0,0.0,0,0,0,5,0.119,1,98,292,1,magalu-shop-onlineemyshopify,0.0,0.0,0,0,0,0,0,0,0,0,0,0,0,0,0,0,0,0,0,0,0,0,0,0,0,0
232202.txt,https://www.tvdream.net,22,www.tvdream.net,15,0,net,100.0,1.0,0.0384199,0.059792177,3,1,0,0,0.0,9,0.409,0,0.0,0,0,0,1,0.045,1,530,1586,1,tvdream,100.0,100.0,1,0,1,0,0,1,0,0,1,1,1,0,0,0,0,0,1,23,2,2,79,0,83,1
811751.txt,https://www.southernsonomacountrylife.com,40,www.southernsonomacountrylife.com,33,0,com,100.0,1.0,0.5229071,0.06371142,3,1,0,0,0.0,27,0.675,0,0.0,0,0,0,1,0.025,1,1222,11629,1,southernsonomauntrylife,0.0,0.0,0,0,0,1,0,1,7,5,0,1,1,1,0,1,1,0,0,5,10,25,85,0,108,1
8139085.txt,https://starsonbrand-1317634057.cos.ap-beijing-fsi.myqcloud.com/starsonbrand.html,81,starsonbrand-1317634057.cos.ap-beijing-fsi.myqcloud.com,55,0,com,15.3687371,0.450980392,0.5229071,0.047483015,3,3,0,0,0.0,54,0.667,10,0.123,0,0,0,9,0.111,1,18,4190,0,0,1.960784314,1.470588235,0,0,0,0,0,0,0,0,0,0,0,0,0,0,0,0,0,0,0,0,0,0,0,0
31464.txt,https://www.torontozoo.com,25,www.torontozoo.com,18,0,com,100.0,1.0,0.5229071,0.076819624,3,1,0,0,0.0,12,0.48,0,0.0,0,0,0,1,0.04,1,505,355,1,torontozoo,100.0,100.0,0,1,1,0,0,1,0,0,0,1,1,1,0,0,0,0,0,70,5,4,87,0,19,1
mw2344.txt,http://www.json.digebuy.com,26,www.json.digebuy.com,20,0,com,60.11111111,0.666666667,0.5229071,0.051993591,3,2,0,0,0.0,13,0.5,0,0.0,0,0,0,2,0.077,0,2,34,0,0,0.0,0.0,0,0,0,0,0,0,0,0,0,0,0,0,0,0,0,0,0,0,0,1,0,0,0,0
8081628.txt,https://collabland-sync-database.firebaseapp.com/,49,collabland-sync-database.firebaseapp.com,40,0,com,51.64939024,0.333333333,0.5229071,0.058950978,3,1,0,0,0.0,36,0.735,0,0.0,0,0,0,5,0.102,1,2,671,1,collabland-sync-databasefirebaseapp,0.0,0.0,0,0,1,0,0,0,0,0,0,0,0,0,0,1,0,0,0,1,1,1,1,0,0,0
253027.txt,https://www.guidaprotetta.com,28,www.guidaprotetta.com,21,0,com,100.0,1.0,0.5229071,0.062396559,3,1,0,0,0.0,15,0.536,0,0.0,0,0,0,1,0.036,1,1669,6957,1,guidaprotetta,100.0,100.0,0,0,1,1,0,1,0,2,0,1,1,1,0,0,0,0,1,37,40,94,84,0,90,1
op157.txt,http://sad.from.kg/wp-includes/phpmailer/dl/chi/excel.php?rand_13inboxlightaspxn.1774256418&fid.4.1252899642&fid_1&fav.1&rand.13inboxlight.aspxn.1774256418&fid.1252899642&fid.1&fav.1&email_&.rand_13inboxlight.aspx?n_1774256418&fid_4_n_1252899642&fid_1&fav_1,256,sad.from.kg,11,0,kg,4.026951394,0.625,7.31e-05,0.029123953,2,1,0,0,0.0,131,0.512,73,0.285,0,2,0,43,0.176,0,40,447,1,sadfromwp-includesphpmailerdlchiexcelphp?rand_13inboxlightaspxn1774256418&fid41252899642&fid_1&fav1&rand13inboxlightaspxn1774256418&fid1252899642&fid1&fav1&email_&rand_13inboxlightaspx?n_1774256418&fid_4_n_1252899642&fid_1&fav_,0.0,0.0,0,0,0,0,0,0,0,0,0,0,1,0,1,0,0,0,0,2,0,0,0,0,0,0
mw145350.txt,http://www.yell.ge,18,www.yell.ge,11,0,ge,100.0,1.0,0.0001883,0.051109729,2,1,0,0,0.0,6,0.333,0,0.0,0,0,0,1,0.056,0,9,70,1,yell,100.0,100.0,0,0,0,0,0,0,0,0,0,0,0,0,0,0,0,0,0,0,0,0,1,0,1,0
8031477.txt,https://postillon-postiche.web.app/,34,postillon-postiche.web.app,26,0,app,45.36489152,0.454545455,0.001502,0.056050826,3,1,0,0,0.0,23,0.676,0,0.0,0,0,0,3,0.088,1,44,87,0,0,0.0,0.0,0,0,1,0,0,0,0,0,0,0,1,0,0,0,0,0,0,1,2,1,0,0,0,0
8021406.txt,https://atpproduct.com/asdf/fixed0/index.php?user=abuse@optusnet.com.au,70,atpproduct.com,14,0,com,19.49483497,1.0,0.5229071,0.053688294,3,0,0,0,0.0,51,0.729,1,0.014,1,1,0,8,0.143,1,11,85,1,atpproductasdffixed0indexphp?user=abuse@optusneta,0.0,0.0,0,0,0,0,0,0,0,0,0,0,0,0,0,0,0,0,0,0,0,0,0,0,0,0
33511.txt,https://www.diagrams.net,23,www.diagrams.net,16,0,net,100.0,1.0,0.0384199,0.061126951,3,1,0,0,0.0,10,0.435,0,0.0,0,0,0,1,0.043,1,796,335,1,diagrams,100.0,100.0,1,0,1,0,0,0,0,0,0,0,1,0,0,0,0,1,1,2,4,11,19,1,16,1
775114.txt,https://www.alandavis-forum.com,30,www.alandavis-forum.com,23,0,com,100.0,0.666666667,0.5229071,0.059562973,3,1,0,0,0.0,16,0.533,0,0.0,0,0,0,2,0.067,1,424,395,1,alandavis-forum,100.0,100.0,0,0,1,0,0,0,0,0,0,0,1,1,1,0,0,0,1,0,4,4,1,3,2,1
mw146139.txt,http://www.cvxcv23d.s3.eu-central-1.amazonaws.com,48,www.cvxcv23d.s3.eu-central-1.amazonaws.com,42,0,com,54.44512195,0.352941176,0.5229071,0.050301064,3,4,0,0,0.0,27,0.562,4,0.083,0,0,0,6,0.125,0,3,275,0,0,0.0,0.0,0,0,0,0,0,0,0,0,0,0,0,0,0,0,0,0,0,0,0,0,0,0,0,0
401269.txt,https://www.cao.ie,17,www.cao.ie,10,0,ie,100.0,1.0,0.0015878,0.080001145,2,1,0,0,0.0,4,0.235,0,0.0,0,0,0,1,0.059,1,342,823,1,cao,100.0,100.0,1,0,1,0,0,1,1,0,0,0,0,0,0,0,0,0,1,24,3,4,31,2,33,1
7206393.txt,http://redeem-microsoft-code.sitey.me,36,redeem-microsoft-code.sitey.me,30,0,me,60.03170828,0.37037037,0.0036375,0.065856094,2,1,0,0,0.0,25,0.694,0,0.0,0,0,0,4,0.111,0,2,45,0,0,0.0,0.0,0,0,0,0,0,0,0,0,0,0,0,0,0,0,0,0,0,0,0,0,0,0,0,0
443353.txt,https://www.orbspace.com,23,www.orbspace.com,16,0,com,100.0,1.0,0.5229071,0.068696297,3,1,0,0,0.0,10,0.435,0,0.0,0,0,0,1,0.043,1,972,13143,1,orbspace,100.0,100.0,0,1,1,0,0,0,0,0,0,0,1,1,0,0,0,0,1,16,15,10,65,1,65,1
mw56299.txt,http://www.suxjweyfm.ga,22,www.suxjweyfm.ga,16,0,ga,47.50633981,1.0,0.0002256,0.031555454,2,1,0,0,0.0,10,0.455,0,0.0,0,0,0,1,0.045,0,20,210,1,suxjweyfm,100.0,100.0,0,0,0,1,1,0,0,0,0,0,0,0,0,0,0,0,0,0,0,0,0,0,0,0
oph03069.txt,https://steamcommunrity.com/fungirl,34,steamcommunrity.com,19,0,com,66.92965155,1.0,0.5229071,0.05917919,3,0,0,0,0.0,24,0.706,0,0.0,0,0,0,2,0.059,1,2,289,1,steammunrityfungir,0.0,0.0,0,0,0,0,0,0,0,0,0,0,0,0,0,0,0,0,0,0,0,0,0,0,0,0
mw141900.txt,http://www.my00.ctoyh.com,24,www.my00.ctoyh.com,18,0,com,56.73469388,0.8,0.5229071,0.047397646,3,2,0,0,0.0,9,0.375,2,0.083,0,0,0,2,0.083,0,2,34,0,0,10.0,10.0,0,0,0,0,0,0,0,0,0,0,0,0,0,0,0,0,0,0,0,0,0,0,0,0
mw75780.txt,http://www.seafiw.com,20,www.seafiw.com,14,0,com,77.77777778,1.0,0.5229071,0.061350016,3,1,0,0,0.0,8,0.4,0,0.0,0,0,0,1,0.05,0,2,2826,1,seafiw,100.0,100.0,0,0,1,0,0,0,0,0,0,0,0,0,0,0,0,0,0,0,0,1,1,0,1,0
467507.txt,https://www.nnwo.org,19,www.nnwo.org,12,0,org,100.0,1.0,0.0799628,0.065483305,3,1,0,0,0.0,6,0.316,0,0.0,0,0,0,1,0.053,1,628,1986,1,nnwo,100.0,100.0,1,0,1,0,0,0,0,0,0,1,0,1,0,0,0,0,1,6,6,7,15,0,15,1
767421.txt,https://www.muzeescheveningen.nl,31,www.muzeescheveningen.nl,24,0,nl,100.0,1.0,0.0082003,0.0572907,2,1,0,0,0.0,18,0.581,0,0.0,0,0,0,1,0.032,1,1057,9381,1,muzeescheveige,0.0,0.0,1,1,1,0,0,1,0,3,0,1,1,1,0,0,1,0,1,12,12,22,76,7,89,1
393033.txt,https://www.gcsb.govt.nz,23,www.gcsb.govt.nz,16,0,nz,100.0,0.555555556,0.0019933,0.048186926,2,2,0,0,0.0,9,0.391,0,0.0,0,0,0,2,0.087,1,738,309,1,gcsbgovt,0.0,0.0,1,0,1,0,0,1,0,0,0,0,1,0,0,0,0,0,1,18,2,2,42,0,12,1
8017878.txt,https://bafybeidtooorcmx2c72wpzm3cyug5wfjffvjrn24l3mbqipqqsoy6tv6r4.ipfs.dweb.link/,82,bafybeidtooorcmx2c72wpzm3cyug5wfjffvjrn24l3mbqipqqsoy6tv6r4.ipfs.dweb.link,74,0,link,12.38763087,0.275362319,0.0003306,0.03443462,4,2,0,0,0.0,60,0.732,11,0.134,0,0,0,3,0.037,1,9,91,1,bafybeidtooorcmx2c72wpzm3cyug5wfjffvjrn24l3mbqipqqsoy6tv6r4ipfsdweb,0.0,0.0,0,0,0,0,0,0,0,0,0,0,0,0,0,0,0,0,0,0,0,0,0,0,0,0
499336.txt,https://www.intangiblebusiness.com,33,www.intangiblebusiness.com,26,0,com,100.0,1.0,0.5229071,0.058443085,3,1,0,0,0.0,20,0.606,0,0.0,0,0,0,1,0.03,1,845,8954,1,intangiblebusiness,100.0,100.0,1,0,1,0,0,0,0,0,0,0,1,1,0,1,1,0,1,21,23,27,100,0,14,1
8072935.txt,https://ipfs.io/ipfs/qmply6owapg9wmwhtib6r8hzwtvqen7unjtdqu7nhzdaun?filename=mlm.html,85,ipfs.io,7,0,io,10.57816642,1.0,0.0129268,0.039384485,2,0,0,0,0.0,65,0.765,6,0.071,1,1,0,4,0.071,1,9,93,1,ipfsipfsqmply6owapg9wmwhtib6r8hzwtvqen7unjtdqu7nhzdaun?filename=mlmhtml,0.0,0.0,0,0,0,0,0,0,0,0,0,0,0,0,0,0,0,0,0,0,0,0,0,0,0,0
mw54170.txt,http://www.andraal.cf,20,www.andraal.cf,14,0,cf,75.48209366,1.0,0.0001858,0.063760405,2,1,0,0,0.0,8,0.4,0,0.0,0,0,0,1,0.05,0,20,208,1,andraal,100.0,100.0,0,0,0,1,1,0,0,0,0,0,0,0,0,0,0,0,0,0,0,0,0,0,0,0
555022.txt,https://www.gardendesigninc.com,30,www.gardendesigninc.com,23,0,com,100.0,1.0,0.5229071,0.061319248,3,1,0,0,0.0,17,0.567,0,0.0,0,0,0,1,0.033,1,394,755,1,gardendesigninc,100.0,100.0,1,0,1,0,0,1,0,0,0,1,1,1,0,0,0,0,1,17,4,4,48,0,10,1
4773.txt,https://www.bigoven.com,22,www.bigoven.com,15,0,com,100.0,1.0,0.5229071,0.061106836,3,1,0,0,0.0,9,0.409,0,0.0,0,0,0,1,0.045,1,2546,2169,1,bigoven,100.0,100.0,0,0,1,1,0,1,0,2,0,1,1,1,0,0,1,0,1,27,15,16,86,0,26,1
740748.txt,https://www.nlcs.org.uk,22,www.nlcs.org.uk,15,0,uk,100.0,0.625,0.028555,0.056686665,2,2,0,0,0.0,8,0.364,0,0.0,0,0,0,2,0.091,1,1254,9571,1,nlcsorg,0.0,0.0,1,1,1,0,0,1,0,0,0,1,0,0,0,0,0,0,0,5,6,5,162,4,156,1
176926.txt,https://www.moca-news.net,24,www.moca-news.net,17,0,net,100.0,0.555555556,0.0384199,0.067918016,3,1,0,0,0.0,10,0.417,0,0.0,0,0,0,2,0.083,1,2402,669,1,moca-ws,0.0,0.0,1,0,1,0,0,1,7,0,0,0,0,0,0,0,0,0,1,167,2,4,8,0,4,1
877991.txt,https://www.carassauga.com,25,www.carassauga.com,18,0,com,100.0,1.0,0.5229071,0.067296948,3,1,0,0,0.0,12,0.48,0,0.0,0,0,0,1,0.04,1,588,3635,1,carassauga,100.0,100.0,0,0,1,0,0,0,0,0,0,1,1,1,0,0,0,0,0,12,14,17,114,5,123,1
454591.txt,https://www.heartmus.dk,22,www.heartmus.dk,15,0,dk,100.0,1.0,0.0022943,0.054600665,2,1,0,0,0.0,9,0.409,0,0.0,0,0,0,1,0.045,1,1506,8395,1,heartmus,100.0,100.0,0,0,1,0,0,1,0,0,0,1,1,1,1,0,0,0,1,26,1,3,117,100,7,1
oph12614.txt,https://pub-6d8f605c4bd947f69b125ec466bbd0a3.r2.dev/momii.html?email=3mail@b.c,78,pub-6d8f605c4bd947f69b125ec466bbd0a3.r2.dev,43,0,dev,11.50675481,0.179487179,0.0009613,0.033491193,3,1,0,0,0.0,40,0.513,21,0.269,1,1,0,7,0.115,1,90,394,1,pub-6d8f605c4bd947f69b125ec466bbd0a3r2momiihtml?email=3mail@bc,0.0,0.0,0,1,1,0,0,0,0,0,0,0,1,1,0,0,0,0,0,0,2,0,2,0,2,0
mw141561.txt,http://www.2cqd.qxywa.com,24,www.2cqd.qxywa.com,18,0,com,45.64666103,0.7,0.5229071,0.03572396,3,2,0,0,0.0,10,0.417,1,0.042,0,0,0,2,0.083,0,2,34,0,0,0.0,0.0,0,0,0,0,0,0,0,0,0,0,0,0,0,0,0,0,0,0,0,0,0,0,0,0
mw133955.txt,http://www.tijwal.ga,20,www.tijwal.ga,13,0,ga,67.16049383,1.0,0.0002256,0.046132534,2,1,0,0,0.0,8,0.4,0,0.0,0,0,0,1,0.05,0,11,65,1,tijwal,100.0,100.0,0,0,0,0,0,0,0,0,0,0,0,0,0,0,0,0,0,0,0,0,1,0,1,0
823542.txt,https://www.swmaritime.org.uk,28,www.swmaritime.org.uk,21,0,uk,100.0,0.785714286,0.028555,0.059236819,2,2,0,0,0.0,14,0.5,0,0.0,0,0,0,2,0.071,1,731,9824,1,swmaritimeorg,0.0,0.0,1,1,1,0,0,1,0,0,0,1,1,1,1,0,1,0,1,14,23,35,78,0,79,1
mw209537.txt,http://www.ebjedpabrikankaos.com,32,www.ebjedpabrikankaos.com,25,0,com,52.46340961,1.0,0.5229071,0.056993818,3,1,0,0,0.0,20,0.625,0,0.0,0,0,0,1,0.031,0,15,155,1,ebjedpabrikankaos,100.0,100.0,0,0,1,0,0,0,0,0,0,0,0,0,0,0,0,0,0,0,0,0,0,0,0,0
oph13006.txt,http://ezzidinaccounting.com/qp/index.html,42,ezzidinaccounting.com,21,0,com,46.58503401,1.0,0.5229071,0.052512559,3,0,0,0,0.0,31,0.738,0,0.0,0,0,0,4,0.095,0,6,15630,0,0,0.0,0.0,0,0,0,0,0,0,0,0,0,0,0,0,0,0,0,0,0,0,0,0,0,0,0,0
502011.txt,https://www.burgsimpson.com,26,www.burgsimpson.com,19,0,com,100.0,1.0,0.5229071,0.057029028,3,1,0,0,0.0,13,0.5,0,0.0,0,0,0,1,0.038,1,1283,8047,1,burgsimpson,100.0,100.0,1,1,1,0,0,1,0,4,1,1,1,1,0,1,0,0,1,30,2,9,164,0,171,1
8057075.txt,https://ed267eeb-1f78-42c6-b13a-fc04096c978e.id.repl.co/,56,ed267eeb-1f78-42c6-b13a-fc04096c978e.id.repl.co,47,0,co,35.79296816,0.227272727,0.0059772,0.031844816,2,2,0,0,0.0,21,0.375,19,0.339,0,0,0,8,0.143,1,198,869,1,ed267eeb-1f78-42c6-b13a-fc04096c978eidrepl,0.0,0.0,0,0,0,0,0,0,0,0,0,0,0,0,0,0,0,0,0,0,0,0,0,0,2,0
8013495.txt,https://sonymusicticket.com/,27,sonymusicticket.com,19,0,com,69.52908587,1.0,0.5229071,0.061283941,3,0,0,0,0.0,18,0.667,0,0.0,0,0,0,1,0.037,1,90,394,1,sonymusicticket,100.0,100.0,0,1,1,0,0,0,0,0,0,0,1,1,0,0,0,0,0,0,2,0,2,0,2,0
38294.txt,https://www.ctpublic.org,23,www.ctpublic.org,16,0,org,100.0,1.0,0.0799628,0.055097244,3,1,0,0,0.0,10,0.435,0,0.0,0,0,0,1,0.043,1,6124,9116,1,ctpublic,100.0,100.0,1,0,1,1,1,0,0,1,0,1,1,0,0,0,1,0,1,134,2,10,322,0,385,1
787223.txt,https://www.silverwoodbooks.co.uk,32,www.silverwoodbooks.co.uk,25,0,uk,100.0,0.888888889,0.028555,0.059798656,2,2,0,0,0.0,18,0.562,0,0.0,0,0,0,2,0.062,1,507,605,1,silverwoodbooksco,0.0,0.0,0,1,1,0,0,1,0,0,0,1,1,1,0,0,0,0,1,28,2,10,71,4,80,1
7983173.txt,https://akimatsuhashi.com/jp,27,akimatsuhashi.com,17,0,com,61.14285714,1.0,0.5229071,0.055131924,3,0,0,0,0.0,17,0.63,0,0.0,0,0,0,2,0.074,1,49,765,0,0,0.0,0.0,0,0,0,0,0,0,0,1,0,0,0,0,0,0,0,0,0,0,0,2,0,0,1,0
85885.txt,https://www.hstyles.co.uk,24,www.hstyles.co.uk,17,0,uk,100.0,0.8,0.028555,0.054318633,2,2,0,0,0.0,10,0.417,0,0.0,0,0,0,2,0.083,1,758,954,1,hstylesco,0.0,0.0,0,1,1,0,0,1,0,2,0,1,1,1,0,0,0,0,1,8,7,9,0,0,22,1
411407.txt,https://www.sonicelife.com,25,www.sonicelife.com,18,0,com,100.0,1.0,0.5229071,0.068906332,3,1,0,0,0.0,12,0.48,0,0.0,0,0,0,1,0.04,1,63259,175961,1,sonicelife,100.0,100.0,0,0,1,1,0,1,0,19,1,0,1,1,1,1,1,0,1,1107,69,34,562,504,15,1
85570.txt,https://www.opensourcebrain.org,30,www.opensourcebrain.org,23,0,org,100.0,1.0,0.0799628,0.067091596,3,1,0,0,0.0,17,0.567,0,0.0,0,0,0,1,0.033,1,228,223,1,opensourcebrain,100.0,100.0,1,0,1,1,0,1,0,1,0,0,0,1,0,0,0,0,0,6,8,16,24,1,10,1
833360.txt,https://www.smadent.com,22,www.smadent.com,15,0,com,100.0,1.0,0.5229071,0.067376311,3,1,0,0,0.0,9,0.409,0,0.0,0,0,0,1,0.045,1,862,354,1,smadent,100.0,100.0,1,0,1,0,0,1,0,0,0,1,0,0,0,0,0,0,1,143,3,3,20,1,21,1
240863.txt,https://www.greatchurchsound.com,31,www.greatchurchsound.com,24,0,com,100.0,1.0,0.5229071,0.058697486,3,1,0,0,0.0,18,0.581,0,0.0,0,0,0,1,0.032,1,1948,694,1,greatchurchsound,100.0,100.0,0,0,1,1,0,1,0,0,0,1,1,1,0,0,0,0,1,17,5,13,34,0,26,1
mw149128.txt,http://www.lacagstore.net,25,www.lacagstore.net,18,0,net,84.62585034,1.0,0.0384199,0.0672205,3,1,0,0,0.0,13,0.52,0,0.0,0,0,0,1,0.04,0,2,34,0,0,0.0,0.0,0,0,0,0,0,0,0,0,0,0,0,0,0,0,0,0,0,0,0,0,0,0,0,0
mw156856.txt,http://www.86999.com,20,www.86999.com,13,0,com,76.79012346,1.0,0.5229071,0.030067965,3,1,0,0,0.0,3,0.15,5,0.25,0,0,0,1,0.05,0,2,2826,1,86999,100.0,100.0,0,0,1,0,0,0,0,0,0,0,0,0,0,0,0,0,0,0,0,1,1,0,1,0
434808.txt,https://www.danto.de,19,www.danto.de,12,0,de,100.0,1.0,0.0326503,0.059471633,2,1,0,0,0.0,6,0.316,0,0.0,0,0,0,1,0.053,1,6641,6844,1,anto,80.0,80.0,1,0,1,0,0,0,0,4,1,1,1,1,1,0,1,0,0,65,18,11,928,0,901,1
8084252.txt,https://alphadealsmarketing.com/webfr,37,alphadealsmarketing.com,23,0,com,62.86167261,1.0,0.5229071,0.055794372,3,0,0,0,0.0,27,0.73,0,0.0,0,0,0,2,0.054,1,15,155,1,alphadealsmarketingwebfr,0.0,100.0,0,0,1,0,0,0,0,0,0,0,0,0,0,0,0,0,0,0,0,0,0,0,0,0
8077083.txt,https://stoz4orjs.web.app/,26,stoz4orjs.web.app,17,0,app,58.13148789,0.461538462,0.001502,0.0466283,3,1,0,0,0.0,14,0.538,1,0.038,0,0,0,3,0.115,1,2,2278,1,stoz4orjsweb,0.0,0.0,0,0,1,0,0,0,0,0,0,0,0,1,0,0,0,0,0,0,1,1,1,0,0,0
8090517.txt,https://att-105423.weeblysite.com/,34,att-105423.weeblysite.com,25,0,com,66.69538462,0.80952381,0.5229071,0.044097426,3,1,0,0,0.0,16,0.471,6,0.176,0,0,0,4,0.118,1,276,20515,1,att-105423weeblysite,0.0,0.0,1,0,1,0,0,0,0,0,0,0,0,1,0,1,1,0,0,19,3,10,1,0,4,0
8082615.txt,https://penninejuniors.co.uk/wp-includes/block-supports/chev/railwaypass/a8fcc6a71a763d0c4/default.php,102,penninejuniors.co.uk,20,0,uk,16.22358295,0.882352941,0.028555,0.04696591,2,1,0,0,0.0,74,0.725,9,0.088,0,0,0,11,0.108,1,2,110,0,0,0.0,1.176470588,0,0,0,0,0,0,0,0,0,0,0,0,0,0,0,0,0,0,0,0,0,0,0,0
900304.txt,https://www.ardentisys.com,25,www.ardentisys.com,18,0,com,100.0,1.0,0.5229071,0.061602477,3,1,0,0,0.0,12,0.48,0,0.0,0,0,0,1,0.04,1,677,9811,1,ardentisys,100.0,100.0,0,1,1,0,0,1,0,4,1,1,1,1,0,0,0,0,1,30,17,36,70,1,57,1
mw135180.txt,http://www.eblagh-irn.ml,23,www.eblagh-irn.ml,17,0,ml,55.0295858,0.7,0.0001306,0.053349789,2,1,0,0,0.0,10,0.435,0,0.0,0,0,0,2,0.087,0,20,211,1,eblagh-irn,100.0,100.0,0,0,0,1,1,0,0,0,0,0,0,0,0,0,0,0,0,0,0,0,0,0,0,0
mw209964.txt,http://www.logsstore.com,23,www.logsstore.com,17,0,com,75.74786325,1.0,0.5229071,0.069912781,3,1,0,0,0.0,11,0.478,0,0.0,0,0,0,1,0.043,0,2,478,1,logsstore,100.0,100.0,0,0,0,1,1,0,0,0,0,0,0,0,0,0,0,0,0,0,0,0,0,0,0,0
mw62502.txt,http://www.tvrfekxqrtvpqzr5tvrfdu5evt0.blogspot.com,50,www.tvrfekxqrtvpqzr5tvrfdu5evt0.blogspot.com,44,0,com,36.62421948,0.472222222,0.5229071,0.039138857,3,2,0,0,0.0,34,0.68,3,0.06,0,0,0,2,0.04,0,334,36298,1,tvrfekxqrtvpqzr5tvrfdu5evt0blogspot,0.0,0.0,0,0,0,0,0,1,0,4,0,0,0,1,0,0,0,0,1,4,3,3,3,0,13,0
71213.txt,https://www.ans.iastate.edu,26,www.ans.iastate.edu,19,0,edu,100.0,0.727272727,0.0115013,0.066332245,3,2,0,0,0.0,12,0.462,0,0.0,0,0,0,2,0.077,1,1366,603,1,ansiastate,0.0,0.0,1,0,1,0,0,0,0,1,0,1,1,1,0,1,0,0,1,10,9,2,54,0,47,1
454824.txt,https://www.ikegami.co.jp,24,www.ikegami.co.jp,17,0,jp,100.0,0.8,0.0230451,0.058445355,2,2,0,0,0.0,10,0.417,0,0.0,0,0,0,2,0.083,1,1164,15137,1,ikegamico,0.0,0.0,0,1,1,0,0,1,0,0,0,1,0,1,0,0,0,0,1,123,41,42,219,0,251,1
mw154118.txt,http://www.aaimac.com,20,www.aaimac.com,14,0,com,80.36363636,1.0,0.5229071,0.077198666,3,1,0,0,0.0,8,0.4,0,0.0,0,0,0,1,0.05,0,2,30,0,0,0.0,0.0,0,0,0,0,0,0,0,0,0,0,0,0,0,0,0,0,0,0,0,0,0,0,0,0
881707.txt,https://www.ogsgs.org,20,www.ogsgs.org,13,0,org,100.0,1.0,0.0799628,0.062086655,3,1,0,0,0.0,7,0.35,0,0.0,0,0,0,1,0.05,1,187,413,1,ogsgs,100.0,100.0,1,0,0,0,0,0,0,0,0,1,0,0,0,0,0,0,0,3,1,1,27,0,7,1
8046842.txt,https://sparkasse-onlinedienste.de/personendaten-aktualisieren,62,sparkasse-onlinedienste.de,26,0,de,30.260631,0.608695652,0.0326503,0.062780519,2,0,0,0,0.0,50,0.806,0,0.0,0,0,0,4,0.065,1,13,124,1,sparkasse-onlinedienstepersonendaten-aktualisieren,0.0,100.0,0,0,0,1,1,0,0,0,0,0,0,0,0,0,0,0,0,0,0,0,1,0,1,0
221425.txt,https://www.djhardwell.com,25,www.djhardwell.com,18,0,com,100.0,1.0,0.5229071,0.049568279,3,1,0,0,0.0,12,0.48,0,0.0,0,0,0,1,0.04,1,1107,2957,1,djhardwell,100.0,100.0,1,0,1,0,0,1,0,2,0,1,1,0,0,0,1,0,1,32,1,5,16,2,139,1
557805.txt,https://www.abarta.com,21,www.abarta.com,14,0,com,100.0,1.0,0.5229071,0.069966075,3,1,0,0,0.0,8,0.381,0,0.0,0,0,0,1,0.048,1,368,8047,1,abarta,100.0,100.0,1,1,1,0,0,1,0,1,0,0,1,1,0,1,0,0,1,10,15,25,39,0,25,1
167798.txt,https://www.dikaiologitika.gr,28,www.dikaiologitika.gr,21,0,gr,100.0,1.0,0.0016589,0.055830028,2,1,0,0,0.0,15,0.536,0,0.0,0,0,0,1,0.036,1,2261,2714,1,dikaioloitika,0.0,0.0,1,0,1,1,0,1,2,3,1,1,1,1,0,0,1,0,1,123,3,15,328,0,78,1
8133481.txt,https://infura-ipfs.io/ipfs/qmdxwua5mtcpqfrcqpbuup8sqyncyanha4dqz9dalye5jx/index1.html,86,infura-ipfs.io,14,0,io,11.78438569,0.636363636,0.0129268,0.03771695,2,0,0,0,0.0,66,0.767,6,0.07,0,0,0,6,0.07,1,4,112,0,0,0.0,0.0,0,0,0,0,0,0,0,0,0,0,0,0,0,0,0,0,0,0,0,0,0,0,1,0
413431.txt,https://www.msnairport.com,25,www.msnairport.com,18,0,com,100.0,1.0,0.5229071,0.06679352,3,1,0,0,0.0,12,0.48,0,0.0,0,0,0,1,0.04,1,767,440,1,msnairport,100.0,100.0,0,0,1,0,0,0,0,1,0,1,1,1,0,0,0,0,1,6,2,11,124,11,18,1
517818.txt,https://www.telcomhistory.org,28,www.telcomhistory.org,21,0,org,100.0,1.0,0.0799628,0.064315499,3,1,0,0,0.0,15,0.536,0,0.0,0,0,0,1,0.036,1,1486,2878,1,telcomhisty,0.0,0.0,1,0,1,0,0,1,0,0,0,1,0,0,1,0,0,0,1,34,16,27,121,1,124,1
mw13139.txt,http://www.connsec.publicvm.com,30,www.connsec.publicvm.com,24,0,com,55.5,0.5625,0.5229071,0.059693965,3,2,0,0,0.0,17,0.567,0,0.0,0,0,0,2,0.067,0,69,322,1,nnsecpublicvm,0.0,0.0,0,0,0,1,1,0,0,0,0,0,0,0,0,0,0,0,0,0,0,2,0,0,3,0
724126.txt,https://www.aidsmemorial.info,28,www.aidsmemorial.info,21,0,info,100.0,1.0,0.0075051,0.062087048,4,1,0,0,0.0,15,0.536,0,0.0,0,0,0,1,0.036,1,2312,483,1,aidsmemorial,100.0,100.0,1,0,1,0,0,1,173,0,0,0,1,0,0,0,0,0,0,354,2,6,237,0,238,1
mw168765.txt,http://www.i-cooker.com,23,www.i-cooker.com,16,0,com,82.69230769,0.875,0.5229071,0.074542392,3,1,0,0,0.0,10,0.435,0,0.0,0,0,0,2,0.087,0,14,654,1,i-cooker,100.0,100.0,0,0,0,0,0,1,0,0,0,0,0,0,0,0,0,0,0,0,0,2,0,0,0,0
mw62563.txt,http://www.nid.moue.naver-active.online,38,www.nid.moue.naver-active.online,32,0,online,41.07387811,0.333333333,0.0008457,0.062391143,6,3,0,0,0.0,23,0.605,0,0.0,0,0,0,4,0.105,0,2,47,0,0,0.0,0.0,0,0,0,0,0,0,0,0,0,0,0,0,0,0,0,0,0,0,0,0,0,0,0,0
8126620.txt,https://id8237482374712374123.web.app/,38,id8237482374712374123.web.app,29,0,app,37.1066191,0.92,0.001502,0.01381093,3,1,0,0,0.0,8,0.211,19,0.5,0,0,0,3,0.079,1,6,90,0,0,0.0,0.0,0,0,0,1,0,0,0,0,0,0,0,0,0,0,0,0,0,0,0,0,0,0,0,0
mw76616.txt,http://www.jeniusbank.co.uk,26,www.jeniusbank.co.uk,20,0,uk,74.08088235,0.846153846,0.028555,0.052961506,2,2,0,0,0.0,13,0.5,0,0.0,0,0,0,2,0.077,0,3,35,0,0,0.0,0.0,0,0,0,0,0,0,0,0,0,0,0,0,0,1,0,0,0,0,0,0,0,0,0,0
8000026.txt,https://defi-connector.web.app/,30,defi-connector.web.app,22,0,app,51.08333333,0.555555556,0.001502,0.059192424,3,1,0,0,0.0,19,0.633,0,0.0,0,0,0,3,0.1,1,3,942,1,defi-connectorweb,0.0,0.0,1,0,1,0,0,0,0,0,0,0,0,0,0,1,0,1,0,0,1,1,1,0,2,0
49196.txt,https://www.yamaha-mf.or.jp,26,www.yamaha-mf.or.jp,19,0,jp,100.0,0.583333333,0.0230451,0.053665967,2,2,0,0,0.0,11,0.423,0,0.0,0,0,0,3,0.115,1,627,531,1,yamaha-mfor,0.0,0.0,1,1,1,0,0,1,0,1,0,1,1,0,0,0,0,0,1,26,3,9,204,1,21,1
8112693.txt,http://jppostum.com,19,jppostum.com,12,0,com,73.18376068,1.0,0.5229071,0.054470513,3,0,0,0,0.0,11,0.579,0,0.0,0,0,0,1,0.053,0,11,71,1,jppostum,100.0,100.0,0,0,0,0,0,0,0,0,0,0,0,0,0,0,0,0,0,0,0,0,1,0,1,0
8048590.txt,https://ymailuser6.godaddysites.com/,36,ymailuser6.godaddysites.com,27,0,com,43.56261023,0.608695652,0.5229071,0.055000264,3,1,0,0,0.0,24,0.667,1,0.028,0,0,0,3,0.083,1,82,10150,1,ymailuser6godaddysites,0.0,0.0,1,0,1,0,0,0,0,0,0,0,1,0,0,0,0,0,1,4,0,4,2,0,2,0
mw66851.txt,http://www.j86161a81a0b1d25f4963a1d2212c8c067.ws,47,www.j86161a81a0b1d25f4963a1d2212c8c067.ws,41,0,ws,16.33155204,0.176470588,0.0003477,0.015408515,2,1,0,0,0.0,11,0.234,24,0.511,0,0,0,1,0.021,0,13,244,1,j86161a81a0b1d25f4963a1d2212c8c067,100.0,100.0,0,0,1,0,0,0,0,0,0,0,0,0,0,0,0,0,0,0,0,0,0,0,1,0
oph08752.txt,https://onlinequranteaching.com/public/gpmuaa8bd9ysfvbai1b5iijligmk7uzy,71,onlinequranteaching.com,23,0,com,32.404258,1.0,0.5229071,0.044385202,3,0,0,0,0.0,55,0.775,5,0.07,0,0,0,3,0.042,1,13,115,1,onlinequranteachingpublicgpmuaa8bd9ysfvbai1b5iijligmk7uzy,0.0,100.0,0,0,0,1,1,0,0,0,0,0,0,0,0,0,0,0,0,0,0,0,1,0,1,0
811998.txt,https://www.jabaco.org,21,www.jabaco.org,14,0,org,100.0,1.0,0.0799628,0.066402158,3,1,0,0,0.0,8,0.381,0,0.0,0,0,0,1,0.048,1,140,690,1,jabaco,100.0,100.0,0,1,0,0,0,1,0,0,0,0,0,0,0,0,0,0,0,2,4,2,26,0,26,1
8061534.txt,https://aol-102914.weeblysite.com/,34,aol-102914.weeblysite.com,25,0,com,66.72,0.80952381,0.5229071,0.045744429,3,1,0,0,0.0,16,0.471,6,0.176,0,0,0,4,0.118,1,271,20152,1,aol-102914weeblysite,0.0,0.0,1,0,1,0,0,0,0,0,0,0,0,1,0,1,1,0,0,19,3,9,1,0,4,0
mw76581.txt,http://www.xctech.world,22,www.xctech.world,16,0,world,60.57692308,1.0,0.0002282,0.053600205,5,1,0,0,0.0,10,0.455,0,0.0,0,0,0,1,0.045,0,9,50,1,xctech,100.0,100.0,0,0,0,0,0,0,0,0,0,0,0,0,0,0,0,0,0,0,0,0,0,0,0,0
647577.txt,https://www.decorze.com,22,www.decorze.com,15,0,com,100.0,1.0,0.5229071,0.069629964,3,1,0,0,0.0,9,0.409,0,0.0,0,0,0,1,0.045,1,7116,18627,1,derze,0.0,0.0,1,0,1,0,0,1,0,119,0,1,1,0,1,1,1,0,1,157,3,29,245,0,112,1
mw54538.txt,http://www.christianj.ga,23,www.christianj.ga,17,0,ga,85.96787828,1.0,0.0002256,0.051728166,2,1,0,0,0.0,11,0.478,0,0.0,0,0,0,1,0.043,0,20,211,1,christianj,100.0,100.0,0,0,0,1,1,0,0,0,0,0,0,0,0,0,0,0,0,0,0,0,0,0,0,0
406340.txt,https://www.servoy.com,21,www.servoy.com,14,0,com,100.0,1.0,0.5229071,0.063668547,3,1,0,0,0.0,8,0.381,0,0.0,0,0,0,1,0.048,1,3878,8047,1,servoy,100.0,100.0,0,1,1,0,0,0,0,9,0,1,1,1,1,0,0,0,1,42,17,32,91,10,100,1
112602.txt,https://www.seemonterey.com,26,www.seemonterey.com,19,0,com,100.0,1.0,0.5229071,0.072415716,3,1,0,0,0.0,13,0.5,0,0.0,0,0,0,1,0.038,1,10706,4003,1,seemonterey,100.0,100.0,0,0,1,0,0,1,0,3,0,1,0,1,0,0,0,0,1,124,34,18,1085,17,349,1
901852.txt,https://www.pinoynewsmagazine.com,32,www.pinoynewsmagazine.com,25,0,com,100.0,1.0,0.5229071,0.058889705,3,1,0,0,0.0,19,0.594,0,0.0,0,0,0,1,0.031,1,900,573,1,pinoynewsmagazine,100.0,100.0,0,1,0,0,0,1,0,0,0,1,1,0,0,0,1,0,1,20,2,1,3,0,26,1
229444.txt,https://www.cooppower.coop,25,www.cooppower.coop,18,0,coop,100.0,1.0,0.0001617,0.072501853,4,1,0,0,0.0,12,0.48,0,0.0,0,0,0,1,0.04,1,2057,13815,1,ppower,66.66666667,66.66666667,1,0,1,0,0,1,0,1,0,1,0,1,0,0,1,0,0,30,4,15,67,12,12,1
85026.txt,https://www.nineoclock.ro,24,www.nineoclock.ro,17,0,ro,100.0,1.0,0.001523,0.067212804,2,1,0,0,0.0,11,0.458,0,0.0,0,0,0,1,0.042,1,4961,21946,1,nineoclock,100.0,100.0,0,1,1,0,0,1,0,15,0,1,1,1,1,0,1,0,1,48,15,33,207,19,213,1
734826.txt,https://www.djsoft.net,21,www.djsoft.net,14,0,net,100.0,1.0,0.0384199,0.051344498,3,1,0,0,0.0,8,0.381,0,0.0,0,0,0,1,0.048,1,338,3663,1,djsoft,100.0,100.0,0,0,1,0,0,0,0,0,0,0,1,0,0,1,1,0,1,26,2,3,38,1,17,1
498055.txt,https://www.fabkids.com,22,www.fabkids.com,15,0,com,100.0,1.0,0.5229071,0.05103372,3,1,0,0,0.0,9,0.409,0,0.0,0,0,0,1,0.045,1,1306,15453,1,fabkids,100.0,100.0,1,0,1,0,0,1,0,2,0,1,1,1,1,0,1,0,1,35,16,18,45,1,38,1
659117.txt,https://www.ravefashiongoddess.com,33,www.ravefashiongoddess.com,26,0,com,100.0,1.0,0.5229071,0.060498163,3,1,0,0,0.0,20,0.606,0,0.0,0,0,0,1,0.03,1,3006,5071,1,ravefashiongoddess,100.0,100.0,0,0,1,0,0,1,0,19,0,1,1,1,1,1,1,0,1,65,2,22,134,0,38,1
mw12501.txt,http://www.eiwaggff.com,22,www.eiwaggff.com,16,0,com,66.66666667,1.0,0.5229071,0.050644006,3,1,0,0,0.0,10,0.455,0,0.0,0,0,0,1,0.045,0,119,320,1,eiwaggff,100.0,100.0,0,0,1,0,0,0,2,0,0,0,0,1,0,0,0,0,1,2,2,0,1,2,4,0
440229.txt,https://www.gepr.org,19,www.gepr.org,12,0,org,100.0,1.0,0.0799628,0.061557444,3,1,0,0,0.0,6,0.316,0,0.0,0,0,0,1,0.053,1,990,8047,1,gepr,100.0,100.0,1,1,0,0,0,1,0,0,0,1,1,0,0,0,1,0,1,42,8,8,318,0,321,1
8123857.txt,https://chart-way.web.app/,26,chart-way.web.app,17,0,app,58.90042291,0.461538462,0.001502,0.04685548,3,1,0,0,0.0,14,0.538,0,0.0,0,0,0,4,0.154,1,10,121,0,0,0.0,0.0,0,0,0,1,0,0,0,0,0,0,0,0,0,0,0,0,0,0,0,0,0,0,1,0
381818.txt,https://www.corendonairlines.com,31,www.corendonairlines.com,24,0,com,100.0,1.0,0.5229071,0.070306948,3,1,0,0,0.0,18,0.581,0,0.0,0,0,0,1,0.032,1,3697,16262,1,rendonairlines,87.5,87.5,1,0,1,0,0,1,0,3,0,1,1,1,1,1,1,0,0,46,2,7,152,5,68,1
8112180.txt,https://etyemenspstle.web.app/,30,etyemenspstle.web.app,21,0,app,45.20833333,0.823529412,0.001502,0.054467686,3,1,0,0,0.0,19,0.633,0,0.0,0,0,0,3,0.1,1,14,100,1,etyemenspstleweb,0.0,0.0,0,0,0,1,1,0,0,0,0,0,0,0,0,0,0,0,0,0,0,0,0,0,2,0
547542.txt,https://www.howardhall.com,25,www.howardhall.com,18,0,com,100.0,1.0,0.5229071,0.056432254,3,1,0,0,0.0,12,0.48,0,0.0,0,0,0,1,0.04,1,259,1025,1,howardhall,100.0,100.0,0,0,1,0,0,0,0,0,0,1,0,0,0,1,0,0,1,16,6,11,42,0,53,1
889726.txt,https://www.abayoflife.com,25,www.abayoflife.com,18,0,com,100.0,1.0,0.5229071,0.058517273,3,1,0,0,0.0,12,0.48,0,0.0,0,0,0,1,0.04,1,3627,8047,1,abayoflife,100.0,100.0,0,1,1,0,0,0,0,8,1,0,1,1,0,0,0,0,1,14,14,23,36,0,42,1
850849.txt,https://www.clearwatertimes.com,30,www.clearwatertimes.com,23,0,com,100.0,1.0,0.5229071,0.067552413,3,1,0,0,0.0,17,0.567,0,0.0,0,0,0,1,0.033,1,1904,32259,1,clearwatertimes,100.0,100.0,1,1,1,0,0,1,0,5,0,1,1,1,0,1,0,1,1,42,9,17,365,2,311,1
750543.txt,https://www.godalmingmuseum.org.uk,33,www.godalmingmuseum.org.uk,26,0,uk,100.0,0.842105263,0.028555,0.055417527,2,2,0,0,0.0,19,0.576,0,0.0,0,0,0,2,0.061,1,243,383,1,godalmingmsemorg,0.0,0.0,0,0,1,0,0,0,0,1,0,0,0,0,0,0,0,0,1,10,1,7,29,0,29,1
163105.txt,https://www.marimedia.ru,23,www.marimedia.ru,16,0,ru,100.0,1.0,0.0180132,0.065692797,2,1,0,0,0.0,10,0.435,0,0.0,0,0,0,1,0.043,1,792,10279,1,maimedia,0.0,0.0,1,1,1,0,0,1,0,0,0,0,0,1,0,0,1,0,0,53,9,4,72,2,68,1
8059387.txt,https://webmail-103924.weeblysite.com/,38,webmail-103924.weeblysite.com,29,0,com,55.29924693,0.68,0.5229071,0.044272441,3,1,0,0,0.0,20,0.526,6,0.158,0,0,0,4,0.105,1,271,19963,1,webmail-103924weeblysite,0.0,0.0,1,0,1,0,0,0,0,0,0,0,0,1,0,1,1,0,0,19,3,9,1,0,4,0
782860.txt,https://www.dknews-dz.com,24,www.dknews-dz.com,17,0,com,100.0,0.777777778,0.5229071,0.047001277,3,1,0,0,0.0,10,0.417,0,0.0,0,0,0,2,0.083,1,1130,1612,1,dknews-dz,100.0,100.0,0,1,0,0,0,1,0,1,0,1,0,0,0,0,1,0,1,39,17,6,105,24,5,1
652963.txt,https://www.katedatingcoaching.com,33,www.katedatingcoaching.com,26,0,com,100.0,1.0,0.5229071,0.06178094,3,1,0,0,0.0,20,0.606,0,0.0,0,0,0,1,0.03,1,3409,14922,1,katedatingaching,0.0,0.0,1,0,1,0,0,1,0,0,0,1,1,0,0,1,1,0,1,52,2,14,43,0,18,1
8054414.txt,https://load-delay-wait.web.app/,32,load-delay-wait.web.app,23,0,app,43.10018904,0.315789474,0.001502,0.0515782,3,1,0,0,0.0,19,0.594,0,0.0,0,0,0,5,0.156,1,9,109,0,0,0.0,0.0,0,0,0,1,0,0,0,0,0,0,0,0,0,0,0,0,0,0,0,0,0,0,0,0
757743.txt,https://www.commissioner.ie,26,www.commissioner.ie,19,0,ie,100.0,1.0,0.0015878,0.070101078,2,1,0,0,0.0,13,0.5,0,0.0,0,0,0,1,0.038,1,981,1946,1,commssoner,0.0,0.0,1,0,1,0,0,1,0,1,0,1,1,1,0,0,0,0,1,21,19,15,47,3,6,1
8024066.txt,https://web998882.7837733.repl.co/,33,web998882.7837733.repl.co,25,0,co,32.39384615,0.545454545,0.0059772,0.024088749,2,2,0,0,0.0,9,0.273,13,0.394,0,0,0,3,0.091,1,198,869,1,web9988827837733repl,0.0,0.0,0,0,0,0,0,0,0,0,0,0,0,0,0,0,0,0,0,0,0,0,0,0,2,0
518286.txt,https://www.haywardrec.org,25,www.haywardrec.org,18,0,org,100.0,1.0,0.0799628,0.057711058,3,1,0,0,0.0,12,0.48,0,0.0,0,0,0,1,0.04,1,3509,1220,1,haywardrec,100.0,100.0,1,0,1,0,0,1,0,4,0,0,0,1,0,0,0,0,1,1,32,20,62,0,13,1
618120.txt,https://www.toyroom.in,21,www.toyroom.in,14,0,in,100.0,1.0,0.0050842,0.070359816,2,1,0,0,0.0,8,0.381,0,0.0,0,0,0,1,0.048,1,3548,13259,1,toyroom,100.0,100.0,0,0,1,0,0,1,0,21,0,0,1,1,1,1,1,0,1,149,5,22,50,0,12,1
871363.txt,https://www.worldkidneycancerday.org,35,www.worldkidneycancerday.org,28,0,org,100.0,1.0,0.0799628,0.056572376,3,1,0,0,0.0,22,0.629,0,0.0,0,0,0,1,0.029,1,2927,9495,1,wldkidneycancerday,0.0,0.0,0,1,1,1,0,1,0,11,0,1,1,1,0,0,0,0,0,17,6,68,49,3,24,1
61279.txt,https://www.palmbeachillustrated.com,35,www.palmbeachillustrated.com,28,0,com,100.0,1.0,0.5229071,0.058488434,3,1,0,0,0.0,22,0.629,0,0.0,0,0,0,1,0.029,1,3474,9183,1,palmbeachillustrated,100.0,100.0,1,1,0,1,0,0,0,3,0,1,1,0,1,0,1,0,1,41,3,20,32,12,84,1
694557.txt,https://www.chateaux-france.com,30,www.chateaux-france.com,23,0,com,100.0,0.6,0.5229071,0.062085149,3,1,0,0,0.0,16,0.533,0,0.0,0,0,0,2,0.067,1,420,1018,1,chateaux-france,100.0,100.0,0,0,0,0,0,1,0,1,0,1,0,1,0,0,0,0,1,7,1,2,48,0,16,1
mw3124.txt,http://www.mediahitech.com,25,www.mediahitech.com,19,0,com,80.44444444,1.0,0.5229071,0.063829649,3,1,0,0,0.0,13,0.52,0,0.0,0,0,0,1,0.04,0,2,88,0,0,0.0,0.0,0,0,0,0,0,0,0,0,0,0,0,0,0,0,0,0,0,0,0,0,0,0,1,0
121394.txt,https://www.oneworldobservatory.com,34,www.oneworldobservatory.com,27,0,com,100.0,1.0,0.5229071,0.063386044,3,1,0,0,0.0,21,0.618,0,0.0,0,0,0,1,0.029,1,564,8047,1,oneworldobservatory,100.0,100.0,1,1,1,0,0,1,0,1,0,1,0,0,0,0,0,0,1,15,10,16,90,1,73,1
418667.txt,https://www.dombauwien.at,24,www.dombauwien.at,17,0,at,100.0,1.0,0.0038776,0.05756657,2,1,0,0,0.0,11,0.458,0,0.0,0,0,0,1,0.042,1,354,1744,1,dombuwien,0.0,0.0,1,1,1,0,0,0,0,0,0,0,1,0,0,0,0,0,1,12,10,18,47,3,54,1
8128150.txt,https://liudevit.arekhasnik.pl/add/email@example.com,52,liudevit.arekhasnik.pl,22,0,pl,27.13957759,0.578947368,0.0069695,0.055612074,2,1,0,0,0.0,38,0.731,0,0.0,0,0,0,6,0.115,1,95,394,1,liudevitarekhasnikaddemail@examecom,0.0,0.0,0,1,1,0,0,0,0,0,0,0,0,0,0,0,0,0,0,0,2,0,2,0,1,0
722774.txt,https://www.997wpro.com,22,www.997wpro.com,15,0,com,100.0,1.0,0.5229071,0.041961883,3,1,0,0,0.0,6,0.273,3,0.136,0,0,0,1,0.045,1,1306,8047,1,997wpro,100.0,100.0,0,1,1,1,1,1,1,4,0,1,1,1,0,0,1,0,1,37,26,58,72,0,119,1
380826.txt,https://www.gsksmo.org,21,www.gsksmo.org,14,0,org,100.0,1.0,0.0799628,0.060506869,3,1,0,0,0.0,8,0.381,0,0.0,0,0,0,1,0.048,1,1680,1123,1,gsksmo,100.0,100.0,1,0,1,0,0,1,0,3,0,1,0,0,0,0,0,0,0,28,10,29,53,0,14,1
604012.txt,https://www.ortoblog.com,23,www.ortoblog.com,16,0,com,100.0,1.0,0.5229071,0.069345103,3,1,0,0,0.0,10,0.435,0,0.0,0,0,0,1,0.043,1,1351,27221,1,ortoblog,100.0,100.0,1,1,1,0,0,1,0,0,0,1,1,0,0,1,1,0,1,46,27,49,179,0,182,1
105390.txt,https://www.riverreporter.com,28,www.riverreporter.com,21,0,com,100.0,1.0,0.5229071,0.067396789,3,1,0,0,0.0,15,0.536,0,0.0,0,0,0,1,0.036,1,3344,370,1,riverreporter,100.0,100.0,1,0,1,1,0,1,0,1,0,1,1,1,0,0,1,0,1,42,14,27,202,0,31,1
8012619.txt,http://fsihzoejkq.duckdns.org,28,fsihzoejkq.duckdns.org,22,0,org,51.1342155,0.611111111,0.0799628,0.044006696,3,1,0,0,0.0,19,0.679,0,0.0,0,0,0,2,0.071,0,2,37,0,0,0.0,0.0,0,0,0,0,0,0,0,0,0,0,0,0,0,0,0,0,0,0,0,0,0,0,0,0
8025473.txt,http://radiocampusrouen.fr/wp-includes/cashed/index.html,55,radiocampusrouen.fr,19,0,fr,39.72511454,1.0,0.0141483,0.054908052,2,0,0,0,0.0,42,0.764,0,0.0,0,0,0,6,0.109,0,9,119,1,radiocampusrouenwp-includescashedindexhtm,0.0,0.0,0,0,0,0,0,0,0,0,0,0,0,0,0,0,0,0,0,0,0,0,0,0,0,0
155842.txt,https://www.foodepedia.co.uk,27,www.foodepedia.co.uk,20,0,uk,100.0,0.846153846,0.028555,0.064287365,2,2,0,0,0.0,13,0.481,0,0.0,0,0,0,2,0.074,1,416,9560,1,foodepediaco,0.0,0.0,0,1,1,0,0,1,0,0,0,1,1,1,0,1,0,0,1,18,14,14,81,0,85,1
452560.txt,https://www.euclid.int,21,www.euclid.int,14,0,int,100.0,1.0,0.0001586,0.056422617,3,1,0,0,0.0,8,0.381,0,0.0,0,0,0,1,0.048,1,1604,1310,1,euclid,100.0,100.0,0,1,1,0,0,1,0,1,0,1,0,1,0,1,1,0,1,86,11,17,152,16,265,1
56191.txt,https://www.eif.org,18,www.eif.org,11,0,org,100.0,1.0,0.0799628,0.066411996,3,1,0,0,0.0,5,0.278,0,0.0,0,0,0,1,0.056,1,286,7081,0,0,0.0,0.0,0,0,0,0,0,0,0,1,0,1,1,0,0,1,0,0,1,4,19,19,153,1,15,1
20551.txt,https://www.dps.texas.gov,24,www.dps.texas.gov,17,0,gov,100.0,0.666666667,0.0033282,0.052676969,3,2,0,0,0.0,10,0.417,0,0.0,0,0,0,2,0.083,1,738,1678,1,dpstexas,0.0,0.0,1,0,1,0,0,0,0,0,0,1,1,1,0,0,0,0,1,9,2,3,72,0,22,1
410048.txt,https://www.cloudi5.com,22,www.cloudi5.com,15,0,com,100.0,1.0,0.5229071,0.057704839,3,1,0,0,0.0,8,0.364,1,0.045,0,0,0,1,0.045,1,930,1447,1,cloudi5,100.0,100.0,1,1,1,0,0,1,0,1,1,1,1,0,0,0,1,0,1,44,8,14,56,3,67,1
mw143485.txt,http://www.shop.schlachtstall.de,31,www.shop.schlachtstall.de,25,0,de,52.91692435,0.777777778,0.0326503,0.05240428,2,2,0,0,0.0,18,0.581,0,0.0,0,0,0,2,0.065,0,2,41,0,0,0.0,0.0,0,0,0,0,0,0,0,0,0,0,0,0,0,0,0,0,0,0,0,0,0,0,0,0
491991.txt,https://www.austintxstorage.com,30,www.austintxstorage.com,23,0,com,100.0,1.0,0.5229071,0.061959905,3,1,0,0,0.0,17,0.567,0,0.0,0,0,0,1,0.033,1,1251,8973,1,austintxstorage,100.0,100.0,0,0,1,0,0,1,0,0,0,1,1,1,0,0,0,0,1,19,16,120,50,1,39,1
612560.txt,https://www.ashleyrenespromandpageant.com,40,www.ashleyrenespromandpageant.com,33,0,com,100.0,1.0,0.5229071,0.062051095,3,1,0,0,0.0,27,0.675,0,0.0,0,0,0,1,0.025,1,1870,10235,1,ashleyrenespromandpageant,100.0,100.0,0,0,1,0,0,1,0,4,0,1,1,1,0,0,1,0,0,35,11,15,15,0,30,1
536662.txt,https://www.albertafarmexpress.ca,32,www.albertafarmexpress.ca,25,0,ca,100.0,1.0,0.0101825,0.058389277,2,1,0,0,0.0,19,0.594,0,0.0,0,0,0,1,0.031,1,1733,9381,1,albertafarmexpress,100.0,100.0,1,1,1,0,0,1,0,4,1,1,1,1,1,0,0,0,1,99,24,34,120,6,164,1
8115628.txt,https://is.gd/servizio_sicurezza_clienti,40,is.gd,5,0,gd,37.5,1.0,5.02e-05,0.051345405,2,0,0,0,0.0,28,0.7,0,0.0,0,0,0,4,0.1,1,14,1382,1,isservizio_sicurezza_clienti,0.0,100.0,1,0,1,0,0,1,0,0,0,0,0,0,0,0,0,0,0,0,1,0,3,0,1,0
898381.txt,https://www.societas.es,22,www.societas.es,15,0,es,100.0,1.0,0.0064109,0.07393108,2,1,0,0,0.0,9,0.409,0,0.0,0,0,0,1,0.045,1,538,1829,1,socitas,0.0,0.0,0,0,1,0,0,1,0,0,0,1,1,1,0,0,0,0,0,2,14,14,27,0,29,1
408935.txt,https://www.cno.org,18,www.cno.org,11,0,org,100.0,1.0,0.0799628,0.079453938,3,1,0,0,0.0,5,0.278,0,0.0,0,0,0,1,0.056,1,406,310,1,cno,100.0,100.0,1,0,1,1,0,0,0,2,0,1,1,1,0,0,0,0,1,36,4,15,70,22,9,1
mw199363.txt,http://www.boeinq.co,19,www.boeinq.co,13,0,co,80.24691358,1.0,0.0059772,0.058558241,2,1,0,0,0.0,7,0.368,0,0.0,0,0,0,1,0.053,0,2,474,1,boeinq,100.0,100.0,0,0,0,1,1,0,0,0,0,0,0,0,0,0,0,0,0,0,0,0,0,0,0,0
179647.txt,https://www.epubreader.xyz,25,www.epubreader.xyz,18,0,xyz,100.0,1.0,0.0017496,0.050114254,3,1,0,0,0.0,12,0.48,0,0.0,0,0,0,1,0.04,1,628,619,1,epubreader,100.0,100.0,0,0,1,1,0,1,0,0,0,0,0,1,0,0,0,0,0,50,1,4,59,0,31,1
433975.txt,https://www.orientpress.hu,25,www.orientpress.hu,18,0,hu,100.0,1.0,0.0022172,0.061800768,2,1,0,0,0.0,12,0.48,0,0.0,0,0,0,1,0.04,1,1047,269,1,orientpress,100.0,100.0,1,0,1,0,0,1,0,0,0,1,0,1,0,0,0,0,1,35,11,12,87,0,77,1
mw38426.txt,http://www.amusement.firefoxupdata.com,37,www.amusement.firefoxupdata.com,31,0,com,54.50361604,0.608695652,0.5229071,0.058955166,3,2,0,0,0.0,24,0.649,0,0.0,0,0,0,2,0.054,0,2,46,0,0,0.0,0.0,0,0,0,0,0,0,0,0,0,0,0,0,0,0,0,0,0,0,0,0,0,0,0,0
8029123.txt,https://bafybeidpeijyj3nn5ahhoyfsclgxea2qzocipnpoldmzle6uronug47rse.ipfs.w3s.link/,81,bafybeidpeijyj3nn5ahhoyfsclgxea2qzocipnpoldmzle6uronug47rse.ipfs.w3s.link,73,0,link,12.57525118,0.264705882,0.0003306,0.042156919,4,2,0,0,0.0,63,0.778,7,0.086,0,0,0,3,0.037,1,878,10415,1,bafybeidpeijyj3nn5ahhoyfsclgxea2qzocipnpoldmzle6uronug47rseipfsw3s,0.0,0.0,0,1,0,1,0,0,0,0,0,0,1,1,1,0,0,0,1,2,0,12,0,0,2,0
508674.txt,https://www.buildingcentre.co.uk,31,www.buildingcentre.co.uk,24,0,uk,100.0,0.882352941,0.028555,0.057281332,2,2,0,0,0.0,17,0.548,0,0.0,0,0,0,2,0.065,1,2304,494,1,bildingcentreco,0.0,0.0,1,0,1,0,0,1,1,2,0,1,1,1,1,0,0,0,1,27,1,9,125,0,132,1
230950.txt,https://www.sanofi-diabete.fr,28,www.sanofi-diabete.fr,21,0,fr,100.0,0.571428571,0.0141483,0.0586975,2,1,0,0,0.0,14,0.5,0,0.0,0,0,0,2,0.071,1,2030,232,1,sanoi-diabete,0.0,0.0,0,1,1,0,0,1,0,2,0,1,0,1,0,0,0,0,1,13,42,14,7,34,6,1
413547.txt,https://www.gregnatale.com,25,www.gregnatale.com,18,0,com,100.0,1.0,0.5229071,0.065953716,3,1,0,0,0.0,12,0.48,0,0.0,0,0,0,1,0.04,1,2748,2186,1,gregnatale,100.0,100.0,0,1,1,1,0,1,0,5,0,1,1,1,0,0,1,0,1,46,65,64,511,13,161,1
50410.txt,https://www.journaldebangui.com,30,www.journaldebangui.com,23,0,com,100.0,1.0,0.5229071,0.056716852,3,1,0,0,0.0,17,0.567,0,0.0,0,0,0,1,0.033,1,5411,1820,1,journaldebangui,100.0,100.0,1,1,1,0,0,1,0,4,0,1,1,1,0,1,1,1,1,208,13,38,464,0,514,1
8123812.txt,https://paulwelchartservicefr.firebaseapp.com/,46,paulwelchartservicefr.firebaseapp.com,37,0,com,53.20825804,0.666666667,0.5229071,0.056802102,3,1,0,0,0.0,35,0.761,0,0.0,0,0,0,3,0.065,1,16,110,1,paulwelchartservicefrfirebaseapp,0.0,0.0,0,0,0,1,0,0,0,0,0,0,0,0,0,0,0,0,0,0,0,0,0,0,2,0
139657.txt,https://www.rollei.com,21,www.rollei.com,14,0,com,100.0,1.0,0.5229071,0.072283428,3,1,0,0,0.0,8,0.381,0,0.0,0,0,0,1,0.048,1,5614,19146,1,rollei,100.0,100.0,1,0,1,0,0,1,13,20,0,1,1,1,0,1,1,0,1,121,9,61,504,0,31,1
8136649.txt,https://cloudflare-ipfs.com/ipfs/qme9sd6o8xlsl9yc4fl8np1r5qx47qktc1jldwmzsjgei1,79,cloudflare-ipfs.com,19,0,com,27.30498799,0.733333333,0.5229071,0.036756314,3,0,0,0,0.0,55,0.696,12,0.152,0,0,0,4,0.051,1,6,450889,0,0,0.0,0.0,0,0,0,1,0,0,0,1,0,0,1,0,0,0,1,0,1,1,1,1,0,0,1,0
mw16036.txt,http://www.qwartwc.ml,20,www.qwartwc.ml,14,0,ml,69.45454545,1.0,0.0001306,0.04456163,2,1,0,0,0.0,8,0.4,0,0.0,0,0,0,1,0.05,0,20,207,1,qwartwc,100.0,100.0,0,0,0,1,1,0,0,0,0,0,0,0,0,0,0,0,0,0,0,0,0,0,0,0
397794.txt,https://www.hellablackpod.com,28,www.hellablackpod.com,21,0,com,100.0,1.0,0.5229071,0.056623546,3,1,0,0,0.0,15,0.536,0,0.0,0,0,0,1,0.036,1,940,14060,1,hellablackpod,100.0,100.0,1,0,1,0,0,1,0,1,0,1,0,1,0,0,1,0,0,22,4,14,30,0,16,1
451081.txt,https://www.kycolonels.org,25,www.kycolonels.org,18,0,org,100.0,1.0,0.0799628,0.063342808,3,1,0,0,0.0,12,0.48,0,0.0,0,0,0,1,0.04,1,984,29692,1,kycolonels,100.0,100.0,0,1,1,0,0,1,0,4,0,1,1,1,0,0,0,0,1,17,28,35,130,0,148,1
mw141466.txt,http://www.bhaxz.com,19,www.bhaxz.com,13,0,com,68.14814815,1.0,0.5229071,0.044564678,3,1,0,0,0.0,7,0.368,0,0.0,0,0,0,1,0.053,0,2,29,0,0,0.0,0.0,0,0,0,0,0,0,0,0,0,0,0,0,0,0,0,0,0,0,0,0,0,0,0,0
mw77862.txt,http://www.atlantispharmagroup.com,33,www.atlantispharmagroup.com,27,0,com,73.0147323,1.0,0.5229071,0.059663085,3,1,0,0,0.0,21,0.636,0,0.0,0,0,0,1,0.03,0,2,42,0,0,0.0,0.0,0,0,0,0,0,0,0,0,0,0,0,0,0,0,0,0,0,0,0,0,0,0,0,0
68771.txt,https://www.gazettetimes.com,27,www.gazettetimes.com,20,0,com,100.0,1.0,0.5229071,0.064593248,3,1,0,0,0.0,14,0.519,0,0.0,0,0,0,1,0.037,1,5497,12038,1,gazettetimes,100.0,100.0,0,1,1,0,0,1,0,3,0,1,1,1,0,0,1,0,1,74,6,36,275,0,41,1
728514.txt,https://www.aipc.net.au,22,www.aipc.net.au,15,0,au,100.0,0.625,0.0100856,0.06578414,2,2,0,0,0.0,8,0.364,0,0.0,0,0,0,2,0.091,1,2472,1911,1,ipcnet,0.0,0.0,1,0,1,1,1,1,0,3,0,1,1,1,0,0,1,0,1,45,4,6,130,0,175,1
28962.txt,https://www.hypeness.com.br,26,www.hypeness.com.br,19,0,br,100.0,0.75,0.0094423,0.055832384,2,2,0,0,0.0,12,0.462,0,0.0,0,0,0,2,0.077,1,2661,1506,1,hypenesscom,0.0,0.0,1,1,1,0,0,1,75,6,0,1,0,0,0,0,0,0,0,165,20,21,196,7,212,1
mw142916.txt,http://www.jerem.com,19,www.jerem.com,13,0,com,90.86419753,1.0,0.5229071,0.069114102,3,1,0,0,0.0,7,0.368,0,0.0,0,0,0,1,0.053,0,2,29,0,0,0.0,0.0,0,0,0,0,0,0,0,0,0,0,0,0,0,0,0,0,0,0,0,0,0,0,0,0
7969934.txt,https://www.ekni-nct.ekint.bhwkke.top/load.php,45,www.ekni-nct.ekint.bhwkke.top,29,0,top,29.61937716,0.333333333,0.0002752,0.050385017,3,3,0,0,0.0,27,0.6,0,0.0,0,0,0,6,0.133,1,9,54,1,ekni-nctekintbhwkkeloadph,0.0,0.0,0,0,0,0,0,0,0,0,0,0,0,0,0,0,0,0,0,0,0,0,0,0,0,0
571087.txt,https://www.nyfirestore.com,26,www.nyfirestore.com,19,0,com,100.0,1.0,0.5229071,0.064671548,3,1,0,0,0.0,13,0.5,0,0.0,0,0,0,1,0.038,1,1844,8740,1,nyfirestore,100.0,100.0,0,0,1,0,0,1,0,19,0,1,1,1,1,1,1,0,1,69,4,18,96,0,32,1
656331.txt,https://www.myadorna.com,23,www.myadorna.com,16,0,com,100.0,1.0,0.5229071,0.066574685,3,1,0,0,0.0,10,0.435,0,0.0,0,0,0,1,0.043,1,3608,3051,1,myadorna,100.0,100.0,1,0,1,0,0,1,0,21,0,1,1,1,1,1,1,0,1,78,82,22,159,0,46,1
7528054.txt,https://docs.google.com/forms/d/e/1faipqlsdnega_6c_pz9_q9ep9epm4iwqfsrxqsnaz-j9dyldimaoocg/viewform?usp=send_form,112,docs.google.com,15,0,com,14.5167501,0.636363636,0.5229071,0.04541607,3,1,0,0,0.0,83,0.741,7,0.062,1,1,0,12,0.125,1,22,29736,1,docsgoogleformsde1faipqlsdnega_6c_pz9_q9ep9epm4iwqfsrxqsnaz-j9dyldimaoocgviewform?usp=send_for,0.0,0.0,1,0,1,0,0,0,0,1,0,0,1,1,0,0,0,0,0,2,0,0,2,0,2,0
mw162260.txt,http://www.666mh.com,19,www.666mh.com,13,0,com,77.28395062,1.0,0.5229071,0.037557306,3,1,0,0,0.0,4,0.211,3,0.158,0,0,0,1,0.053,0,181,435,1,666mh,100.0,100.0,0,0,0,0,0,1,0,0,0,0,0,0,0,0,1,0,0,1,4,0,7,0,14,0
oph12106.txt,http://www.amazcaom-co-jp.amazzeocn.50gb264.xyz/,48,www.amazcaom-co-jp.amazzeocn.50gb264.xyz,40,0,xyz,28.12812813,0.40625,0.0017496,0.044848427,3,3,0,0,0.0,26,0.542,5,0.104,0,0,0,6,0.125,0,12,113,0,0,3.125,3.125,0,0,0,0,0,0,0,1,0,0,0,0,0,0,0,0,0,0,0,0,0,0,0,0
8036772.txt,https://peteri.sk/meinpaket/,27,peteri.sk,9,0,sk,48.31024931,1.0,0.0009815,0.058543971,2,0,0,0,0.0,17,0.63,0,0.0,0,0,0,2,0.074,1,6,36,0,0,0.0,0.0,0,0,0,0,0,0,0,0,0,0,0,0,0,0,0,0,0,0,0,0,0,0,0,0
mw181321.txt,http://www.onmailadmin.cf,24,www.onmailadmin.cf,18,0,cf,63.26530612,1.0,0.0001858,0.06470099,2,1,0,0,0.0,12,0.5,0,0.0,0,0,0,1,0.042,0,20,212,1,onmailadmin,100.0,100.0,0,0,0,1,1,0,0,0,0,0,0,0,0,0,0,0,0,0,0,0,0,0,0,0
5286.txt,https://www.commonsensemedia.org,31,www.commonsensemedia.org,24,0,org,100.0,1.0,0.0799628,0.072066373,3,1,0,0,0.0,18,0.581,0,0.0,0,0,0,1,0.032,1,2768,36376,1,commonsensemedia,100.0,100.0,1,1,1,0,0,1,0,1,0,1,0,1,0,0,0,1,1,99,4,5,223,0,28,1
634676.txt,https://www.ospheredigital.com,29,www.ospheredigital.com,22,0,com,100.0,1.0,0.5229071,0.06172481,3,1,0,0,0.0,16,0.552,0,0.0,0,0,0,1,0.034,1,3962,65762,1,ospheredigital,100.0,100.0,0,1,1,0,0,1,0,8,0,1,1,1,1,0,1,0,1,23,25,26,92,6,114,1
576104.txt,https://www.mpihomevideo.com,27,www.mpihomevideo.com,20,0,com,100.0,1.0,0.5229071,0.064208886,3,1,0,0,0.0,14,0.519,0,0.0,0,0,0,1,0.037,1,10735,2677,1,mpihomevideo,100.0,100.0,1,0,1,0,0,0,0,19,0,0,1,1,1,1,1,0,1,183,10,28,268,4,6,1
mw208304.txt,http://www.liyuemachinery.com,28,www.liyuemachinery.com,22,0,com,82.26120858,1.0,0.5229071,0.058893826,3,1,0,0,0.0,16,0.571,0,0.0,0,0,0,1,0.036,0,9,50,1,liyuemachinery,100.0,100.0,0,0,0,0,0,0,0,0,0,0,0,0,0,0,0,0,0,0,0,0,0,0,0,0
8016906.txt,http://speedy5.world/paymydoctor/,32,speedy5.world,13,0,world,41.47692308,1.0,0.0002282,0.050990221,5,0,0,0,0.0,22,0.688,1,0.031,0,0,0,2,0.062,0,610,23798,1,speedy5paymydoctor,0.0,100.0,0,0,1,1,0,0,0,1,0,0,1,1,0,0,1,1,1,4,12,24,1,1,9,0
872580.txt,https://www.hbrg.org.uk,22,www.hbrg.org.uk,15,0,uk,100.0,0.625,0.028555,0.045199059,2,2,0,0,0.0,8,0.364,0,0.0,0,0,0,2,0.091,1,331,181,1,hbrgorg,0.0,0.0,1,0,0,0,0,1,0,0,0,0,0,0,0,1,0,0,1,116,1,0,1,0,3,1
560152.txt,https://www.sunbeach-rhodes.gr,29,www.sunbeach-rhodes.gr,22,0,gr,100.0,0.6,0.0016589,0.055163847,2,1,0,0,0.0,15,0.517,0,0.0,0,0,0,2,0.069,1,3553,17216,1,sunbeach-rhodes,100.0,100.0,0,1,1,0,0,1,0,21,0,1,1,0,0,0,0,0,1,100,7,19,132,3,179,1
30208.txt,https://www.redirectdetective.com,32,www.redirectdetective.com,25,0,com,100.0,1.0,0.5229071,0.06609046,3,1,0,0,0.0,19,0.594,0,0.0,0,0,0,1,0.031,1,262,265,1,redirectdetective,100.0,100.0,1,0,1,0,0,0,0,0,0,0,1,1,0,0,0,0,1,1,8,15,7,3,1,1
mw201408.txt,http://www.netretgidare.com,27,www.netretgidare.com,20,0,com,68.33639706,1.0,0.5229071,0.066709622,3,1,0,0,0.0,15,0.556,0,0.0,0,0,0,1,0.037,0,2,36,0,0,0.0,0.0,0,0,0,0,0,0,0,0,0,0,0,0,0,0,0,0,0,0,0,0,0,0,0,0
627142.txt,https://www.thetapshop.ie,24,www.thetapshop.ie,17,0,ie,100.0,1.0,0.0015878,0.054549405,2,1,0,0,0.0,11,0.458,0,0.0,0,0,0,1,0.042,1,767,2514,1,thetapshop,100.0,100.0,0,1,1,0,0,1,0,0,0,1,1,1,0,0,1,0,0,31,44,42,164,0,160,1
249564.txt,https://www.rethinkcare.com,26,www.rethinkcare.com,19,0,com,100.0,1.0,0.5229071,0.065274076,3,1,0,0,0.0,13,0.5,0,0.0,0,0,0,1,0.038,1,1834,9381,1,rethinkcare,100.0,100.0,1,1,1,0,0,1,0,5,0,1,0,1,0,0,0,0,1,30,11,47,67,0,80,1
59186.txt,https://www.fortlauderdale.gov,29,www.fortlauderdale.gov,22,0,gov,100.0,1.0,0.0033282,0.059192123,3,1,0,0,0.0,16,0.552,0,0.0,0,0,0,1,0.034,1,2072,29106,1,fortlauderdale,100.0,100.0,1,0,1,1,0,1,0,5,0,1,0,0,0,0,1,0,1,1,16,42,87,1,12,1
8111174.txt,http://pancakeswap-platform.com,31,pancakeswap-platform.com,24,0,com,65.41666667,0.6,0.5229071,0.058145654,3,0,0,0,0.0,22,0.71,0,0.0,0,0,0,2,0.065,0,2,39,0,0,0.0,0.0,0,0,0,0,0,0,0,0,0,0,0,0,0,0,0,0,0,0,0,0,0,0,0,0
738880.txt,https://www.demoscene.no,23,www.demoscene.no,16,0,no,100.0,1.0,0.0023289,0.07064697,2,1,0,0,0.0,10,0.435,0,0.0,0,0,0,1,0.043,1,330,155,1,demoscee,0.0,0.0,0,0,1,0,0,1,0,0,0,1,0,0,0,0,0,0,0,2,1,0,19,0,17,1
889570.txt,https://www.montgomerypreservation.org,37,www.montgomerypreservation.org,30,0,org,100.0,1.0,0.0799628,0.064724762,3,1,0,0,0.0,24,0.649,0,0.0,0,0,0,1,0.027,1,1000,15559,1,montgomerypreservation,100.0,100.0,1,1,1,0,0,1,0,0,0,1,1,1,0,0,0,0,1,15,21,26,79,5,88,1
7956564.txt,https://tteywhhaksjjwoou4729h1000jsghbddzxxsssssssqwzjjywqooqkaklm.pages.dev/nvvnncnzxwnrrqqdqbfgxtqxdcmsnbfpmwhtcqrrgjgqcbtx.php,128,tteywhhaksjjwoou4729h1000jsghbddzxxsssssssqwzjjywqooqkaklm.pages.dev,68,0,dev,5.86932497,0.59375,0.0009613,0.033229146,3,1,0,0,0.0,108,0.844,8,0.062,0,0,0,4,0.031,1,293,18874,1,tteywhhaksjjwoou4729h1000jsghbddzxxsssssssqwzjjywqooqkaklmpagesnvvnncnzxwnrrqqdqbfgxtqxdcmsnbfpmwhtcqrrgjgqcbtxph,0.0,0.0,0,0,1,0,0,0,0,1,0,0,1,1,1,0,0,0,0,1,2,1,0,0,3,0
mw160514.txt,http://www.arcadebouwconsult.com,31,www.arcadebouwconsult.com,25,0,com,65.51226551,1.0,0.5229071,0.06205241,3,1,0,0,0.0,19,0.613,0,0.0,0,0,0,1,0.032,0,11,87,1,arcadebouwnsult,0.0,0.0,0,0,0,0,0,0,0,0,0,0,0,0,0,0,0,0,0,0,0,0,1,0,1,0
8134701.txt,https://banking.postbank.de.admiring-herschel.5-231-78-38.plesk.page/app/user.php,81,banking.postbank.de.admiring-herschel.5-231-78-38.plesk.page,60,0,page,26.54775248,0.218181818,0.0001446,0.044629561,4,5,0,0,0.0,52,0.642,8,0.099,0,0,0,13,0.16,1,136,104,1,bankingpostbankdeadmiring-herschel5-231-78-38pleskappuserphp,0.0,0.0,0,0,1,1,0,0,0,0,0,0,1,1,0,1,0,0,1,2,2,1,0,0,1,0
mw99129.txt,http://www.titlecs.com,22,www.titlecs.com,15,0,com,82.09366391,1.0,0.5229071,0.067117927,3,1,0,0,0.0,10,0.455,0,0.0,0,0,0,1,0.045,0,2,30,0,0,0.0,0.0,0,0,0,0,0,0,0,0,0,0,0,0,0,0,0,0,0,0,0,0,0,0,0,0
59639.txt,https://www.stopline3.org,24,www.stopline3.org,17,0,org,100.0,1.0,0.0799628,0.059718115,3,1,0,0,0.0,10,0.417,1,0.042,0,0,0,1,0.042,1,2470,13627,1,stopline3,100.0,100.0,1,0,1,0,0,1,0,7,0,1,0,1,0,0,1,0,0,28,4,22,47,0,20,1
641220.txt,https://www.imaginacaocriativa.com.br,36,www.imaginacaocriativa.com.br,29,0,br,100.0,0.863636364,0.0094423,0.065640613,2,2,0,0,0.0,22,0.611,0,0.0,0,0,0,2,0.056,1,8047,2046,1,imaginacaocriativacom,0.0,0.0,1,1,0,0,0,1,0,0,0,1,1,1,1,0,0,0,1,64,11,18,260,0,280,1
8116279.txt,https://accounttsolutionfixx.netlify.app/wallet/wallets.html,60,accounttsolutionfixx.netlify.app,32,0,app,31.04834208,0.75,0.001502,0.052727935,3,1,0,0,0.0,47,0.783,0,0.0,0,0,0,5,0.083,1,2,68,0,0,0.0,0.0,0,0,0,0,0,0,0,0,0,0,0,0,0,1,0,0,0,0,0,0,0,0,0,0
176778.txt,https://www.vetusware.com,24,www.vetusware.com,17,0,com,100.0,1.0,0.5229071,0.060205452,3,1,0,0,0.0,11,0.458,0,0.0,0,0,0,1,0.042,1,225,4726,1,vetusware,100.0,100.0,1,0,0,0,0,1,0,0,0,0,0,0,0,0,0,0,1,0,1,3,25,0,15,1
440124.txt,https://www.radioforen.de,24,www.radioforen.de,17,0,de,100.0,1.0,0.0326503,0.063266891,2,1,0,0,0.0,11,0.458,0,0.0,0,0,0,1,0.042,1,2868,1615,1,raioforen,0.0,0.0,1,0,1,0,0,1,0,0,0,1,1,1,0,0,0,0,0,27,2,9,83,1,27,1
473775.txt,https://www.visitingnewengland.com,33,www.visitingnewengland.com,26,0,com,100.0,1.0,0.5229071,0.055896917,3,1,0,0,0.0,20,0.606,0,0.0,0,0,0,1,0.03,1,1363,522,1,visitingnewengland,100.0,100.0,0,0,1,0,0,1,0,0,0,1,1,0,0,0,0,0,1,138,1,6,216,0,238,1
24727.txt,https://www.expensify.com,24,www.expensify.com,17,0,com,100.0,1.0,0.5229071,0.053428934,3,1,0,0,0.0,11,0.458,0,0.0,0,0,0,1,0.042,1,315,682,1,expensify,100.0,100.0,1,1,1,0,0,1,0,0,0,0,0,0,1,0,1,0,0,2,1,3,4,8,6,1
7905234.txt,https://js.com.tr/1027/onedrive.html,35,js.com.tr,9,0,tr,32.39795918,0.666666667,0.0011882,0.048553059,2,1,0,0,0.0,18,0.514,4,0.114,0,0,0,5,0.143,1,170,358,1,jscom1027onedrivehtm,0.0,0.0,0,0,0,1,0,0,0,0,0,0,0,0,0,0,0,0,0,3,0,2,0,0,0,0
545905.txt,https://www.mockingbirdbridal.com,32,www.mockingbirdbridal.com,25,0,com,100.0,1.0,0.5229071,0.05569838,3,1,0,0,0.0,19,0.594,0,0.0,0,0,0,1,0.031,1,2255,7410,1,mockingbirdbridal,100.0,100.0,0,0,1,0,0,1,0,0,0,1,1,1,0,1,0,0,0,11,11,11,8,0,39,1
7983198.txt,https://rondo.su/mbanku-poland/private.php?data=loading,54,rondo.su,8,0,su,19.98149861,1.0,0.000402,0.054875732,2,0,0,0,0.0,39,0.722,0,0.0,1,1,0,5,0.13,1,2,63,0,0,0.0,0.0,0,0,0,0,0,0,0,0,0,0,0,0,0,1,0,0,0,0,0,0,0,0,0,0
72201.txt,https://www.mindmup.com,22,www.mindmup.com,15,0,com,100.0,1.0,0.5229071,0.056274855,3,1,0,0,0.0,9,0.409,0,0.0,0,0,0,1,0.045,1,386,282,1,mindmup,100.0,100.0,1,0,1,0,0,1,0,1,0,1,0,0,0,0,0,0,1,15,1,1,40,3,18,1
oph12036.txt,https://www.icloud-position.co.kingoffserver.com/expire/,56,www.icloud-position.co.kingoffserver.com,40,0,com,28.49697625,0.4375,0.5229071,0.059998461,3,3,0,0,0.0,38,0.679,0,0.0,0,0,0,6,0.107,1,2,65,0,0,0.0,0.0,0,0,0,0,0,0,0,0,0,0,0,0,0,0,0,0,0,0,0,0,0,0,0,0
476134.txt,https://www.mdlogichealth.com,28,www.mdlogichealth.com,21,0,com,100.0,1.0,0.5229071,0.059556991,3,1,0,0,0.0,15,0.536,0,0.0,0,0,0,1,0.036,1,8754,14465,1,mdlogichealth,100.0,100.0,0,0,1,1,0,1,0,19,0,1,1,1,1,1,1,0,1,324,16,46,128,62,85,1
685538.txt,https://www.baberuthleague.org,29,www.baberuthleague.org,22,0,org,100.0,1.0,0.0799628,0.057350505,3,1,0,0,0.0,16,0.552,0,0.0,0,0,0,1,0.034,1,2116,605,1,baberuthleague,100.0,100.0,0,0,1,1,1,1,0,1,0,1,0,1,0,0,0,0,1,80,10,11,275,23,123,1
608006.txt,https://www.drtheall.com,23,www.drtheall.com,16,0,com,100.0,1.0,0.5229071,0.060316585,3,1,0,0,0.0,10,0.435,0,0.0,0,0,0,1,0.043,1,1030,1642,1,drtheall,100.0,100.0,0,1,1,1,0,1,0,1,0,1,0,1,0,0,1,0,1,13,3,6,57,6,73,1
8009723.txt,https://theperigoncondosmiamibeach.com/hdls/,43,theperigoncondosmiamibeach.com,30,0,com,51.67346939,1.0,0.5229071,0.061481756,3,0,0,0,0.0,33,0.767,0,0.0,0,0,0,2,0.047,1,257,213,1,theperigoncondosmiamibeachhdls,0.0,100.0,0,0,1,1,0,0,0,0,0,0,0,0,1,0,0,0,1,11,2,9,0,0,2,0
239234.txt,https://www.pamline.com,22,www.pamline.com,15,0,com,100.0,1.0,0.5229071,0.066297638,3,1,0,0,0.0,9,0.409,0,0.0,0,0,0,1,0.045,1,2578,1742,1,pamline,100.0,100.0,0,0,1,0,0,1,0,0,0,1,1,1,0,0,1,0,0,135,27,28,310,0,137,1
540789.txt,https://www.greige.co.uk,23,www.greige.co.uk,16,0,uk,100.0,0.777777778,0.028555,0.063115559,2,2,0,0,0.0,9,0.391,0,0.0,0,0,0,2,0.087,1,2320,11683,1,greigeco,0.0,0.0,1,1,1,1,0,1,0,19,0,1,1,1,1,1,1,0,1,28,6,30,166,1,15,1
747504.txt,https://www.vigan.ph,19,www.vigan.ph,12,0,ph,100.0,1.0,0.0004928,0.044417268,2,1,0,0,0.0,6,0.316,0,0.0,0,0,0,1,0.053,1,390,2104,1,vigan,100.0,100.0,0,0,1,0,0,1,0,1,0,0,1,0,0,0,0,0,1,4,11,15,93,7,95,1
849093.txt,https://www.cathedrale-reims.fr,30,www.cathedrale-reims.fr,23,0,fr,100.0,0.6875,0.0141483,0.06099876,2,1,0,0,0.0,16,0.533,0,0.0,0,0,0,2,0.067,1,1276,2339,1,cathedrale-reims,100.0,100.0,0,0,1,0,0,0,0,3,0,1,1,0,0,0,0,0,1,23,2,9,21,1,43,1
8013527.txt,https://metafb-yk0eqcr.firebaseapp.com/,38,metafb-yk0eqcr.firebaseapp.com,30,0,com,62.19354839,0.5,0.5229071,0.052964778,3,1,0,0,0.0,26,0.684,1,0.026,0,0,0,3,0.079,1,36,247,1,metafb-yk0eqcrfirebaseapp,0.0,0.0,0,0,0,1,0,0,0,0,0,0,0,0,0,0,0,0,0,0,0,2,0,0,1,0
429364.txt,https://www.lianselegance.com,28,www.lianselegance.com,21,0,com,100.0,1.0,0.5229071,0.068516243,3,1,0,0,0.0,15,0.536,0,0.0,0,0,0,1,0.036,1,580,6153,1,lianselegance,100.0,100.0,0,0,1,0,0,1,0,2,0,1,0,1,0,0,0,0,1,18,1,5,25,2,22,1
54464.txt,https://www.fiveforhowling.com,29,www.fiveforhowling.com,22,0,com,100.0,1.0,0.5229071,0.0538765,3,1,0,0,0.0,16,0.552,0,0.0,0,0,0,1,0.034,1,4793,29740,1,fiveforhowling,100.0,100.0,1,0,1,0,0,1,0,2,0,1,1,0,0,1,0,1,1,62,4,15,192,0,240,1
496993.txt,https://www.formula-as.ro,24,www.formula-as.ro,17,0,ro,100.0,0.8,0.001523,0.059646111,2,1,0,0,0.0,10,0.417,0,0.0,0,0,0,2,0.083,1,3178,7634,1,fomula-as,0.0,0.0,0,1,1,0,0,0,0,1,1,1,1,0,0,0,1,0,1,221,11,19,387,4,381,1
753324.txt,https://www.ulex.fr,18,www.ulex.fr,11,0,fr,100.0,1.0,0.0141483,0.036542245,2,1,0,0,0.0,5,0.278,0,0.0,0,0,0,1,0.056,1,484,354,1,ulex,100.0,100.0,1,0,1,0,0,1,0,0,0,1,1,0,0,0,0,0,1,29,3,15,21,2,18,1
8122941.txt,https://iworldcb.com/ibg/client/ispc.php,40,iworldcb.com,12,0,com,26.10085227,1.0,0.5229071,0.052968066,3,0,0,0,0.0,27,0.675,0,0.0,0,0,0,5,0.125,1,9,48,1,iworldcbibgclientispcphp,0.0,0.0,0,0,0,0,0,0,0,0,0,0,0,0,0,0,0,0,0,0,0,0,0,0,0,0
8125213.txt,https://gateway.pinata.cloud/ipfs/bafybeidds4ubpkzv2tqu6lg7kgb3gbmjycdnawepng5am3tr37fnfgd6zi,93,gateway.pinata.cloud,20,0,cloud,23.94785548,0.571428571,0.0001819,0.036970283,5,1,0,0,0.0,71,0.763,10,0.108,0,0,0,4,0.043,1,2,101,0,0,0.0,0.0,0,0,0,0,0,0,0,0,0,0,0,0,0,0,0,0,0,0,0,0,0,0,0,0
807836.txt,https://www.ascentprotein.com,28,www.ascentprotein.com,21,0,com,100.0,1.0,0.5229071,0.069482607,3,1,0,0,0.0,15,0.536,0,0.0,0,0,0,1,0.036,1,4768,21075,1,ascentprotein,100.0,100.0,0,0,1,1,1,1,0,21,0,1,1,1,1,1,1,0,1,201,11,45,101,3,29,1
8052335.txt,https://bafybeidq7xqemajpif2he6k32mq3smqx456emqaqz7xv5p26wv5rih2cg4.ipfs.dweb.link/,83,bafybeidq7xqemajpif2he6k32mq3smqx456emqaqz7xv5p26wv5rih2cg4.ipfs.dweb.link,74,0,link,11.02410519,0.188405797,0.0003306,0.029073933,4,2,0,0,0.0,55,0.663,16,0.193,0,0,0,4,0.048,1,8,307667,0,0,0.0,0.0,0,0,0,0,0,0,0,0,0,0,0,0,0,0,0,0,0,0,0,0,0,0,0,0
69840.txt,https://www.bt.no,16,www.bt.no,9,0,no,100.0,1.0,0.0023289,0.045143732,2,1,0,0,0.0,3,0.188,0,0.0,0,0,0,1,0.062,1,5082,3414,1,bt,100.0,100.0,1,0,1,1,1,1,0,0,0,0,1,0,0,0,1,0,1,9,5,12,139,0,147,1
447681.txt,https://www.elsoldetijuana.com.mx,32,www.elsoldetijuana.com.mx,25,0,mx,100.0,0.833333333,0.0017218,0.062673741,2,2,0,0,0.0,18,0.562,0,0.0,0,0,0,2,0.062,1,2173,633,1,elsoldetijuanaco,0.0,0.0,1,1,1,0,0,1,0,4,0,1,1,1,0,0,0,0,0,90,18,13,141,0,184,1
mw32844.txt,http://www.pooniex.com,21,www.pooniex.com,15,0,com,76.38888889,1.0,0.5229071,0.068778286,3,1,0,0,0.0,9,0.429,0,0.0,0,0,0,1,0.048,0,2,30,0,0,0.0,0.0,0,0,0,0,0,0,0,0,0,0,0,0,0,0,0,0,0,0,0,0,0,0,0,0
8059400.txt,https://webmail-103296.weeblysite.com/,38,webmail-103296.weeblysite.com,29,0,com,55.29924693,0.68,0.5229071,0.044261335,3,1,0,0,0.0,20,0.526,6,0.158,0,0,0,4,0.105,1,271,19646,1,webmail-103296weeblysite,0.0,0.0,1,0,1,0,0,0,0,0,0,0,0,1,0,1,1,0,0,19,3,9,1,0,4,0
393978.txt,https://www.gagauzinfo.md,24,www.gagauzinfo.md,17,0,md,100.0,1.0,0.0001612,0.050548057,2,1,0,0,0.0,11,0.458,0,0.0,0,0,0,1,0.042,1,4413,4772,1,gagauzinfo,100.0,100.0,1,0,1,0,0,1,0,0,0,1,0,0,0,1,0,0,1,75,2,2,210,0,226,1
401490.txt,https://www.thedoldergrand.com,29,www.thedoldergrand.com,22,0,com,100.0,1.0,0.5229071,0.060027494,3,1,0,0,0.0,16,0.552,0,0.0,0,0,0,1,0.034,1,981,9198,1,thedoldergrand,100.0,100.0,1,1,0,0,0,0,0,2,0,1,0,1,0,0,0,0,0,35,3,12,135,3,146,1
172342.txt,https://www.newappsblog.com,26,www.newappsblog.com,19,0,com,100.0,1.0,0.5229071,0.055121452,3,1,0,0,0.0,13,0.5,0,0.0,0,0,0,1,0.038,1,2239,1862,1,newappsblog,100.0,100.0,0,0,0,0,0,1,20,20,0,1,1,0,0,0,1,0,1,0,4,24,324,0,419,1
544791.txt,https://www.stellenbosch.travel,30,www.stellenbosch.travel,23,0,travel,100.0,1.0,0.0001144,0.059393583,6,1,0,0,0.0,17,0.567,0,0.0,0,0,0,1,0.033,1,416,1911,1,stellenbosch,100.0,100.0,0,1,1,0,0,1,0,0,0,0,1,1,0,0,1,0,1,6,8,15,46,0,49,1
mw65872.txt,http://www.llfol.cannca.shop,27,www.llfol.cannca.shop,21,0,shop,45.87394412,0.583333333,0.0004041,0.060817002,4,2,0,0,0.0,14,0.519,0,0.0,0,0,0,2,0.074,0,8,41,1,llfolcannca,0.0,0.0,0,0,0,0,0,0,0,0,0,0,0,0,0,0,0,0,0,0,0,0,0,0,0,0
mw55305.txt,http://www.malcolmu.cf,21,www.malcolmu.cf,15,0,cf,83.74655647,1.0,0.0001858,0.063401392,2,1,0,0,0.0,9,0.429,0,0.0,0,0,0,1,0.048,0,8,49,1,malolmu,0.0,0.0,0,0,0,0,0,0,0,0,0,0,0,0,0,0,0,0,0,0,0,0,0,0,0,0
43799.txt,https://www.wikicampers.fr,25,www.wikicampers.fr,18,0,fr,100.0,1.0,0.0141483,0.05137118,2,1,0,0,0.0,12,0.48,0,0.0,0,0,0,1,0.04,1,4087,36376,1,wikicampers,100.0,100.0,0,1,1,0,0,1,0,0,0,1,1,1,0,0,1,1,1,57,2,11,258,0,82,1
615367.txt,https://www.mimarinteriors.com,29,www.mimarinteriors.com,22,0,com,100.0,1.0,0.5229071,0.069779915,3,1,0,0,0.0,16,0.552,0,0.0,0,0,0,1,0.034,1,644,795,1,mimarinteriors,100.0,100.0,0,0,1,0,0,1,0,0,0,1,1,1,0,0,0,0,1,4,3,9,3,0,7,1
8103761.txt,https://divyaveda.com/tax/app/,30,divyaveda.com,13,0,com,49.26819213,1.0,0.5229071,0.0511217,3,0,0,0,0.0,18,0.6,0,0.0,0,0,0,4,0.133,1,2,38,0,0,0.0,0.0,0,0,0,0,0,0,0,0,0,0,0,0,0,0,0,0,0,0,0,0,0,0,0,0
7967316.txt,https://actualisationcledigitale.web.app/,40,actualisationcledigitale.web.app,32,0,app,45.13494318,0.892857143,0.001502,0.058607331,3,1,0,0,0.0,30,0.75,0,0.0,0,0,0,2,0.05,1,108,8125,1,actualisationcledigitaleweb,0.0,0.0,0,0,1,0,0,0,0,0,0,0,0,0,0,0,0,0,0,0,0,0,0,0,3,0
18088.txt,https://www.aithority.com,24,www.aithority.com,17,0,com,100.0,1.0,0.5229071,0.063207649,3,1,0,0,0.0,11,0.458,0,0.0,0,0,0,1,0.042,1,1579,2398,1,aithority,100.0,100.0,0,1,1,0,0,1,2,1,0,1,1,0,0,1,1,1,1,77,17,30,0,4,215,1
mw66447.txt,http://www.sightly.oss-ap-northeast-1.aliyuncs.com,49,www.sightly.oss-ap-northeast-1.aliyuncs.com,43,0,com,76.38395792,0.314285714,0.5229071,0.055682851,3,3,0,0,0.0,31,0.633,1,0.02,0,0,0,6,0.122,0,10,62,0,0,0.0,0.0,0,0,0,0,0,0,0,0,0,0,0,0,0,0,0,0,0,0,0,0,0,0,0,0
8112967.txt,https://docs.google.com/presentation/d/e/2pacx-1vrnvuc1c7bw3hz1n9tb1dmeh5tda4fk7i776rjqvjcu-wau4tljyvqjpnxn8txv6lorjugwlurmqttt/pub?start=false&loop=false&delayms=3000,167,docs.google.com,15,0,com,9.540761837,0.636363636,0.5229071,0.041083521,3,1,0,0,0.0,123,0.737,21,0.126,3,1,0,11,0.09,1,3,2326,1,docsgooglepresentationde2pacx-1vrnvuc1c7bw3hz1n9tb1dmeh5tda4fk7i776rjqvjcu-wau4tljyvqjpnxn8txv6lorjugwlurmqtttpub?start=false&loop=false&delayms=3000,0.0,0.0,1,0,1,0,0,0,0,0,0,0,0,0,0,0,0,0,1,1,0,0,2,0,1,0
226884.txt,https://www.agentec.jp,21,www.agentec.jp,14,0,jp,100.0,1.0,0.0230451,0.059998857,2,1,0,0,0.0,8,0.381,0,0.0,0,0,0,1,0.048,1,1559,341,1,agentec,100.0,100.0,1,0,1,0,0,1,0,0,1,1,1,0,0,1,0,0,1,9,5,20,0,9,9,1
8000815.txt,https://zonasegura-lnterbank.firebaseapp.com/,44,zonasegura-lnterbank.firebaseapp.com,36,0,com,33.48348348,0.375,0.5229071,0.058419407,3,1,0,0,0.0,33,0.75,0,0.0,0,0,0,3,0.068,1,108,8125,1,zonasegura-lnterbankfirebaseapp,0.0,0.0,0,0,1,0,0,0,0,0,0,0,0,0,0,1,0,0,0,0,0,0,0,0,3,0
822848.txt,https://www.birmingham365.org,28,www.birmingham365.org,21,0,org,100.0,1.0,0.0799628,0.046210694,3,1,0,0,0.0,12,0.429,3,0.107,0,0,0,1,0.036,1,2831,9381,1,birmingham365,100.0,100.0,1,1,1,0,0,1,0,0,0,1,1,1,0,0,0,0,1,53,11,30,330,10,360,1
7984132.txt,https://mobidrive.com/sharelink/w/4hwexsxtbv7ebj9rh3yakg5mc4nfotc2ukdtc6jqsjuc,77,mobidrive.com,13,0,com,16.07358436,1.0,0.5229071,0.040262738,3,0,0,0,0.0,57,0.74,8,0.104,0,0,0,4,0.052,1,212,47748,1,mobidrivesharelinkw4hwexsxtbv7ebj9rh3yakg5mc4nfotc2ukdtc6jqsju,0.0,98.41269841,1,1,1,1,0,1,0,2,0,0,1,1,0,0,1,0,1,3,2,4,10,0,9,0
8059438.txt,https://webmail-102325.weeblysite.com/,38,webmail-102325.weeblysite.com,29,0,com,55.29924693,0.68,0.5229071,0.044317536,3,1,0,0,0.0,20,0.526,6,0.158,0,0,0,4,0.105,1,13,109,1,webmail-102325weeblysite,0.0,0.0,0,0,0,1,0,0,0,0,0,0,0,0,0,0,0,0,0,0,0,0,0,0,1,0
592329.txt,https://www.anteism.com,22,www.anteism.com,15,0,com,100.0,1.0,0.5229071,0.071057153,3,1,0,0,0.0,9,0.409,0,0.0,0,0,0,1,0.045,1,828,14893,1,anteism,100.0,100.0,1,0,1,0,0,1,0,0,0,1,0,0,0,0,1,0,0,36,4,16,29,0,18,1
614611.txt,https://www.skinnygeneproject.org,32,www.skinnygeneproject.org,25,0,org,100.0,1.0,0.0799628,0.058186084,3,1,0,0,0.0,19,0.594,0,0.0,0,0,0,1,0.031,1,2569,9381,1,skinnygeneproject,100.0,100.0,1,1,1,0,0,0,0,1,1,1,1,1,0,0,1,0,1,57,17,31,78,3,77,1
29061.txt,https://www.boxofficepro.com,27,www.boxofficepro.com,20,0,com,100.0,1.0,0.5229071,0.060789551,3,1,0,0,0.0,14,0.519,0,0.0,0,0,0,1,0.037,1,1080,14917,1,boxofficepro,100.0,100.0,0,1,1,0,0,1,0,0,0,1,1,1,0,0,0,0,1,28,5,10,73,4,92,1
mw67393.txt,http://www.x81a37abef0dfedc52cc505291ecf1148f.ws,47,www.x81a37abef0dfedc52cc505291ecf1148f.ws,41,0,ws,16.64680328,0.323529412,0.0003477,0.025813026,2,1,0,0,0.0,18,0.383,17,0.362,0,0,0,1,0.021,0,13,244,1,x81a37abef0dfedc52cc505291ecf1148f,100.0,100.0,0,0,1,0,0,0,0,0,0,0,0,0,0,0,0,0,0,0,0,0,0,0,1,0
174959.txt,https://www.tilengine.org,24,www.tilengine.org,17,0,org,100.0,1.0,0.0799628,0.064677641,3,1,0,0,0.0,11,0.458,0,0.0,0,0,0,1,0.042,1,266,300,1,tilengine,100.0,100.0,1,0,1,0,0,1,0,6,0,1,1,1,0,0,1,0,0,9,6,11,0,0,18,1
55667.txt,https://www.popphoto.com,23,www.popphoto.com,16,0,com,100.0,1.0,0.5229071,0.063613768,3,1,0,0,0.0,10,0.435,0,0.0,0,0,0,1,0.043,1,1801,29272,1,popphoto,100.0,100.0,1,1,1,0,0,1,0,2,1,1,1,1,0,0,0,0,1,40,9,49,258,4,280,1
518555.txt,https://www.edibleorlando.com,28,www.edibleorlando.com,21,0,com,100.0,1.0,0.5229071,0.066159014,3,1,0,0,0.0,15,0.536,0,0.0,0,0,0,1,0.036,1,1864,9381,1,edibleorlando,100.0,100.0,1,1,1,0,0,1,0,2,0,0,1,1,0,0,0,0,1,48,14,21,131,8,143,1
746850.txt,https://www.internationalschoolhistory.net,41,www.internationalschoolhistory.net,34,0,net,100.0,1.0,0.0384199,0.06400734,3,1,0,0,0.0,28,0.683,0,0.0,0,0,0,1,0.024,1,635,332,1,internationalschoolhistory,100.0,100.0,0,0,0,0,0,1,0,3,0,1,0,0,0,0,0,0,0,42,0,3,1,0,33,1
828634.txt,https://www.everydejavu.com,26,www.everydejavu.com,19,0,com,100.0,1.0,0.5229071,0.053120666,3,1,0,0,0.0,13,0.5,0,0.0,0,0,0,1,0.038,1,993,9454,1,everydejavu,100.0,100.0,0,1,0,0,0,1,0,0,1,1,1,1,0,0,0,0,1,15,15,24,0,0,51,1
mw162492.txt,http://www.kingdun.net,21,www.kingdun.net,15,0,net,81.54269972,1.0,0.0384199,0.04797556,3,1,0,0,0.0,9,0.429,0,0.0,0,0,0,1,0.048,0,6,95,1,kingdun,100.0,100.0,0,0,0,0,0,0,0,2,0,0,0,0,0,0,0,0,0,0,0,0,0,0,1,0
409469.txt,https://www.foto360.at,21,www.foto360.at,14,0,at,100.0,1.0,0.0038776,0.044942467,2,1,0,0,0.0,5,0.238,3,0.143,0,0,0,1,0.048,1,687,865,1,foto360,100.0,100.0,0,1,0,0,0,1,2,1,0,0,1,0,0,1,0,0,1,69,9,9,87,2,86,1
602609.txt,https://www.vivoprint.com,24,www.vivoprint.com,17,0,com,100.0,1.0,0.5229071,0.056880457,3,1,0,0,0.0,11,0.458,0,0.0,0,0,0,1,0.042,1,2891,20373,1,vivoprint,100.0,100.0,0,1,1,0,0,1,0,5,0,1,1,1,0,1,1,0,1,77,38,66,231,3,200,1
44451.txt,https://www.belleslettres.eu,27,www.belleslettres.eu,20,0,eu,100.0,1.0,0.0056158,0.063042354,2,1,0,0,0.0,14,0.519,0,0.0,0,0,0,1,0.037,1,1742,833,1,bllslttrs,0.0,0.0,1,1,1,0,0,1,0,0,0,1,0,0,0,0,0,0,1,19,4,2,90,0,109,1
163716.txt,https://www.blanchardgold.com,28,www.blanchardgold.com,21,0,com,100.0,1.0,0.5229071,0.056937945,3,1,0,0,0.0,15,0.536,0,0.0,0,0,0,1,0.036,1,1128,9401,1,blanchardgold,100.0,100.0,1,1,1,0,0,1,0,8,1,1,1,1,0,1,1,1,1,41,9,11,184,0,147,1
8139354.txt,https://cloudflare-ipfs.com/ipfs/bafybeiarc7nzd74ard6idlnxuaweudaua4bvhqzn7vnhmoqbmw5r7cl3ym//webapp.html,105,cloudflare-ipfs.com,19,0,com,19.90907533,0.733333333,0.5229071,0.041754784,3,0,0,0,0.0,81,0.771,9,0.086,0,0,0,7,0.067,1,2,156,0,0,0.0,0.0,0,0,0,0,0,0,0,0,0,0,0,0,0,0,0,0,0,0,0,0,0,0,0,0
525851.txt,https://www.bbwcupid.com,23,www.bbwcupid.com,16,0,com,100.0,1.0,0.5229071,0.045476877,3,1,0,0,0.0,10,0.435,0,0.0,0,0,0,1,0.043,1,949,4288,1,bbwcupid,100.0,100.0,0,0,0,0,0,1,0,2,0,1,1,1,1,0,1,0,0,10,3,6,84,0,72,1
8042079.txt,https://www.jreast.co.jp.qidui.net/first,40,www.jreast.co.jp.qidui.net,26,0,net,44.5460943,0.388888889,0.0384199,0.052105017,3,4,0,0,0.0,23,0.575,0,0.0,0,0,0,5,0.125,1,2,993,1,jreastcojpqiduifirst,0.0,0.0,1,0,1,0,0,0,0,0,0,0,0,0,0,0,0,0,0,0,1,1,1,0,1,0
63669.txt,https://www.bluefountainmedia.com,32,www.bluefountainmedia.com,25,0,com,100.0,1.0,0.5229071,0.060658058,3,1,0,0,0.0,19,0.594,0,0.0,0,0,0,1,0.031,1,1804,36376,1,bluefountainmedia,100.0,100.0,1,0,1,0,0,1,0,0,0,1,0,1,0,0,0,1,1,87,6,26,115,0,31,1
46320.txt,https://www.namibweb.com,23,www.namibweb.com,16,0,com,100.0,1.0,0.5229071,0.058532652,3,1,0,0,0.0,10,0.435,0,0.0,0,0,0,1,0.043,1,548,173,1,namibweb,100.0,100.0,0,1,0,0,0,1,0,2,0,1,1,1,0,1,0,0,1,5,0,2,1,0,8,1
733731.txt,https://www.danforthmuseum.org,29,www.danforthmuseum.org,22,0,org,100.0,1.0,0.0799628,0.057761917,3,1,0,0,0.0,16,0.552,0,0.0,0,0,0,1,0.034,1,1013,1798,1,danfthmuseum,0.0,0.0,1,0,1,0,0,0,0,0,0,0,0,0,0,0,1,0,1,21,1,5,67,44,66,1
8101292.txt,https://bogdan.agnieszkaklaudia.pl/a1legro/email@example.com,60,bogdan.agnieszkaklaudia.pl,26,0,pl,26.54069443,0.739130435,0.0069695,0.056402714,2,1,0,0,0.0,45,0.75,1,0.017,0,0,0,6,0.1,1,95,394,1,bogdanagnieszkaklaudiaa1legroemail@examecom,0.0,0.0,0,1,1,0,0,0,0,0,0,0,0,0,0,0,0,0,0,0,2,0,2,0,1,0
8010973.txt,https://aged-sky-1d8e.abetttertrap4881.workers.dev/,50,aged-sky-1d8e.abetttertrap4881.workers.dev,42,0,dev,30.23783157,0.447368421,0.0009613,0.046098678,3,2,0,0,0.0,31,0.62,6,0.12,0,0,0,5,0.1,1,90,394,1,aged-sky-1d8eabetttertrap4881workers,0.0,0.0,0,1,1,0,0,0,0,0,0,0,1,1,0,0,0,0,0,0,2,0,2,0,2,0
105765.txt,https://www.adirondackdailyenterprise.com,40,www.adirondackdailyenterprise.com,33,0,com,100.0,1.0,0.5229071,0.061236624,3,1,0,0,0.0,27,0.675,0,0.0,0,0,0,1,0.025,1,1098,3039,1,adirondackdailyenterprise,100.0,100.0,1,0,1,0,0,1,2,17,0,1,1,1,0,0,1,0,1,16,10,21,169,0,181,1
831127.txt,https://www.ekip.me,18,www.ekip.me,11,0,me,100.0,1.0,0.0036375,0.051095801,2,1,0,0,0.0,5,0.278,0,0.0,0,0,0,1,0.056,1,517,3613,1,ekip,100.0,100.0,1,0,1,0,0,0,0,2,0,0,0,0,0,0,0,0,1,34,7,7,35,1,54,1
6849928.txt,http://www-degelyehuda-org-il.filesusr.com/html/87d61b_fe256cdcaf57de9f630e7e55861dee2f.html,91,www-degelyehuda-org-il.filesusr.com,35,0,com,16.69204152,0.387096774,0.5229071,0.037468372,3,1,0,0,0.0,55,0.604,20,0.22,0,0,0,9,0.099,0,97,33873,1,www-degelyehuda-org-ilfilesusrhtml87d61b_fe256cdcaf57de9f630e7e55861dee2fhtm,0.0,0.0,1,1,1,0,0,0,0,11,0,0,0,0,1,1,1,0,1,3,3,6,0,0,4,0
mw211907.txt,http://www.mlcrealestate.com,27,www.mlcrealestate.com,21,0,com,87.23567859,1.0,0.5229071,0.070333811,3,1,0,0,0.0,15,0.556,0,0.0,0,0,0,1,0.037,0,4,45,0,0,0.0,0.0,0,0,0,0,0,0,0,0,0,0,0,0,0,0,0,0,0,0,0,0,0,0,1,0
390774.txt,https://www.prettyrealblog.com,29,www.prettyrealblog.com,22,0,com,100.0,1.0,0.5229071,0.059240792,3,1,0,0,0.0,16,0.552,0,0.0,0,0,0,1,0.034,1,8685,19040,1,prettyrealblog,100.0,100.0,1,0,0,0,0,0,1,22,0,1,1,1,0,1,0,0,1,23,26,15,241,2,261,1
8062689.txt,https://vefemkoeds.weebly.com/,30,vefemkoeds.weebly.com,21,0,com,49.0837226,0.647058824,0.5229071,0.056121038,3,1,0,0,0.0,19,0.633,0,0.0,0,0,0,3,0.1,1,129,368,1,vefemkoedsweebly,0.0,0.0,0,1,1,0,0,0,0,0,0,0,0,0,0,0,0,0,0,1,0,1,3,0,0,0
7234952.txt,https://forms.gle/9bwawhpz5vi7ilpe6,34,forms.gle,9,0,gle,36.29191321,1.0,5e-07,0.038919242,3,0,0,0,0.0,21,0.618,3,0.088,0,0,0,2,0.059,1,2,43,0,0,0.0,0.0,0,0,0,0,0,0,0,0,0,0,0,0,0,0,0,0,0,0,0,0,0,0,0,0
502641.txt,https://www.henryvilaszoo.gov,28,www.henryvilaszoo.gov,21,0,gov,100.0,1.0,0.0033282,0.056076837,3,1,0,0,0.0,15,0.536,0,0.0,0,0,0,1,0.036,1,451,9811,1,henryvilaszoo,100.0,100.0,1,1,1,0,0,1,0,2,0,1,0,0,0,0,0,0,1,24,8,12,70,0,84,1
8059625.txt,https://login-screen-106130.square.site/,40,login-screen-106130.square.site,31,0,site,51.02757544,0.5,0.0017656,0.048769042,4,1,0,0,0.0,21,0.525,6,0.15,0,0,0,5,0.125,1,13,125,1,login-screen-106130square,0.0,0.0,0,0,0,1,0,0,0,0,0,0,0,0,0,0,0,0,0,0,0,0,0,0,1,0
493357.txt,https://www.ontarioreign.com,27,www.ontarioreign.com,20,0,com,100.0,1.0,0.5229071,0.071446505,3,1,0,0,0.0,14,0.519,0,0.0,0,0,0,1,0.037,1,1117,5828,1,ontarioreign,100.0,100.0,1,1,1,0,0,1,0,0,0,0,0,0,0,0,0,0,1,35,1,3,7,0,77,1
220847.txt,https://www.gewater.com,22,www.gewater.com,15,0,com,100.0,1.0,0.5229071,0.06578963,3,1,0,0,0.0,9,0.409,0,0.0,0,0,0,1,0.045,1,971,9381,1,gewater,100.0,100.0,0,1,1,0,0,1,0,0,0,1,1,1,0,0,0,0,1,28,13,30,136,0,146,1
mw131961.txt,http://www.eblagh-in.ga,22,www.eblagh-in.ga,16,0,ga,51.92307692,0.777777778,0.0002256,0.04865839,2,1,0,0,0.0,9,0.409,0,0.0,0,0,0,2,0.091,0,20,210,1,eblah-in,0.0,0.0,0,0,0,1,1,0,0,0,0,0,0,0,0,0,0,0,0,0,0,0,0,0,0,0
oph04495.txt,https://verifyyahoomail.com/,28,verifyyahoomail.com,19,0,com,60.47619048,1.0,0.5229071,0.059121271,3,0,0,0,0.0,18,0.643,0,0.0,0,0,0,2,0.071,1,2,37,0,0,0.0,0.0,0,0,0,0,0,0,0,0,0,0,0,0,0,0,0,0,0,0,0,0,0,0,0,0
mw174649.txt,http://www.clixwells.com,23,www.clixwells.com,17,0,com,78.23129252,1.0,0.5229071,0.054513892,3,1,0,0,0.0,11,0.478,0,0.0,0,0,0,1,0.043,0,62,125,1,clixwells,100.0,100.0,1,0,0,0,0,0,0,0,0,0,0,0,0,0,1,0,0,1,1,0,0,0,5,0
8111804.txt,https://att-103913-106172.weeblysite.com/,41,att-103913-106172.weeblysite.com,32,0,com,36.61221591,0.607142857,0.5229071,0.034999982,3,1,0,0,0.0,16,0.39,12,0.293,0,0,0,5,0.122,1,68,80,1,att-103913-106172weeblysite,0.0,0.0,0,0,0,0,0,0,0,0,0,0,0,0,0,0,0,0,0,0,0,0,0,0,1,0
538854.txt,https://www.goldarrowstudios.com,31,www.goldarrowstudios.com,24,0,com,100.0,1.0,0.5229071,0.060656808,3,1,0,0,0.0,18,0.581,0,0.0,0,0,0,1,0.032,1,1762,25071,1,goldarrowstudios,100.0,100.0,0,0,1,0,0,1,0,19,0,1,1,1,1,1,1,0,1,19,43,23,84,0,20,1
mw159293.txt,http://www.association-connect.com,33,www.association-connect.com,27,0,com,74.73219912,0.631578947,0.5229071,0.073701807,3,1,0,0,0.0,20,0.606,0,0.0,0,0,0,2,0.061,0,10,109,1,association-nnect,0.0,0.0,0,0,0,0,0,0,0,0,0,0,0,0,0,0,0,0,0,0,0,0,0,0,0,0
766547.txt,https://www.ahcahockey.com,25,www.ahcahockey.com,18,0,com,100.0,1.0,0.5229071,0.062753551,3,1,0,0,0.0,12,0.48,0,0.0,0,0,0,1,0.04,1,551,581,1,ahcahockey,100.0,100.0,1,0,1,0,0,1,0,0,0,1,0,0,0,0,0,0,1,20,3,3,47,1,24,1
8123886.txt,https://rakdodank.com/,22,rakdodank.com,13,0,com,76.4158918,1.0,0.5229071,0.059523556,3,0,0,0,0.0,12,0.545,0,0.0,0,0,0,2,0.091,1,13,1136,1,rakdodank,100.0,100.0,0,0,1,0,0,0,0,0,0,0,0,0,0,0,0,0,0,1,0,0,0,0,0,0
27118.txt,https://www.mmafighting.com,26,www.mmafighting.com,19,0,com,100.0,1.0,0.5229071,0.054957114,3,1,0,0,0.0,13,0.5,0,0.0,0,0,0,1,0.038,1,5411,29683,1,mmafighting,100.0,100.0,1,0,1,0,0,1,0,2,0,1,1,1,0,1,0,1,1,116,4,17,207,0,226,1
549272.txt,https://www.ag-eyecare.com,25,www.ag-eyecare.com,18,0,com,100.0,0.8,0.5229071,0.071238618,3,1,0,0,0.0,11,0.44,0,0.0,0,0,0,2,0.08,1,1613,17830,1,ag-eyecare,100.0,100.0,0,1,1,1,0,1,0,5,0,1,1,1,0,0,1,0,1,65,35,55,100,4,133,1
857164.txt,https://www.nprail.com,21,www.nprail.com,14,0,com,100.0,1.0,0.5229071,0.063439687,3,1,0,0,0.0,8,0.381,0,0.0,0,0,0,1,0.048,1,2276,9381,1,nprail,100.0,100.0,0,1,1,0,0,1,1,0,0,1,0,1,1,0,0,0,1,32,41,59,119,16,129,1
7969805.txt,https://www.ekli-nat.ekinrt.bffzwh.top,37,www.ekli-nat.ekinrt.bffzwh.top,30,0,top,31.99649353,0.318181818,0.0002752,0.047558749,3,3,0,0,0.0,21,0.568,0,0.0,0,0,0,4,0.108,1,8,46,1,ekli-natekinrtbffzwh,0.0,0.0,0,0,0,0,0,0,0,0,0,0,0,0,0,0,0,0,0,0,0,0,0,0,0,0
570453.txt,https://www.curlspecialist.com,29,www.curlspecialist.com,22,0,com,100.0,1.0,0.5229071,0.061840172,3,1,0,0,0.0,16,0.552,0,0.0,0,0,0,1,0.034,1,9045,682,1,curlspecialist,100.0,100.0,0,0,1,0,0,0,0,1,0,1,1,1,0,0,0,0,1,38,4,7,27,0,29,1
8012148.txt,http://myequinestudies.com/,26,myequinestudies.com,19,0,com,72.96398892,1.0,0.5229071,0.05703584,3,0,0,0,0.0,18,0.692,0,0.0,0,0,0,1,0.038,0,3,162,0,0,0.0,0.0,0,0,0,1,0,0,0,0,0,0,0,0,0,0,0,0,0,0,0,0,0,0,0,0
765171.txt,https://www.sealsandsealing.net,30,www.sealsandsealing.net,23,0,net,100.0,1.0,0.0384199,0.062363697,3,1,0,0,0.0,17,0.567,0,0.0,0,0,0,1,0.033,1,1498,11769,1,sealsandsealing,100.0,100.0,1,1,1,0,0,1,0,1,0,1,0,0,0,0,0,0,1,32,8,18,0,2,129,1
mw168996.txt,http://www.youxintouzi.com,26,www.youxintouzi.com,19,0,com,79.55555556,1.0,0.5229071,0.054769033,3,1,0,0,0.0,14,0.538,0,0.0,0,0,0,1,0.038,0,2,35,0,0,0.0,0.0,0,0,0,0,0,0,0,0,0,0,0,0,0,0,0,0,0,0,0,0,0,0,0,0
583469.txt,https://www.wcualumni.org,24,www.wcualumni.org,17,0,org,100.0,1.0,0.0799628,0.056262582,3,1,0,0,0.0,11,0.458,0,0.0,0,0,0,1,0.042,1,1164,10458,1,wcualumni,100.0,100.0,0,0,0,0,0,0,0,0,0,1,1,1,0,1,0,0,1,15,12,17,34,6,32,1
8122993.txt,https://pontosdemilhas16.z1.web.core.windows.net/,49,pontosdemilhas16.z1.web.core.windows.net,40,0,net,66.80182927,0.472222222,0.0384199,0.052561947,3,4,0,0,0.0,32,0.653,3,0.061,0,0,0,6,0.122,1,2,321,1,pontosdemilhas16z1webcorewindows,0.0,0.0,0,0,0,0,0,0,0,0,0,0,0,0,0,0,0,0,0,0,0,0,0,0,0,0
mw65530.txt,http://www.cuteem.urlfb.co,25,www.cuteem.urlfb.co,19,0,co,54.11111111,0.583333333,0.0059772,0.053981396,2,2,0,0,0.0,12,0.48,0,0.0,0,0,0,2,0.08,0,8,41,1,uteemurlfb,0.0,0.0,0,0,0,0,0,0,0,0,0,0,0,0,0,0,0,0,0,0,0,0,0,0,0,0
8105513.txt,https://maildinshaakckjnw91.firebaseapp.com/,44,maildinshaakckjnw91.firebaseapp.com,35,0,com,53.31519274,0.64516129,0.5229071,0.050675636,3,1,0,0,0.0,31,0.705,2,0.045,0,0,0,3,0.068,1,108,8125,1,maildinshaakckjnw91firebaseapp,0.0,0.0,0,0,1,0,0,0,0,0,0,0,0,0,0,0,0,0,0,0,0,0,0,0,3,0
380838.txt,https://www.immunocore.com,25,www.immunocore.com,18,0,com,100.0,1.0,0.5229071,0.073383668,3,1,0,0,0.0,12,0.48,0,0.0,0,0,0,1,0.04,1,619,14847,1,immunore,0.0,0.0,1,0,1,0,0,0,0,2,0,1,0,0,0,0,1,0,1,3,3,6,36,0,36,1
110462.txt,https://www.inboundcycle.com,27,www.inboundcycle.com,20,0,com,100.0,1.0,0.5229071,0.059462012,3,1,0,0,0.0,14,0.519,0,0.0,0,0,0,1,0.037,1,1854,1677,1,inboundcycle,100.0,100.0,0,1,1,0,0,1,0,1,0,1,1,1,0,0,0,0,1,16,9,19,96,0,111,1
145743.txt,https://www.attorneygeneral.utah.gov,35,www.attorneygeneral.utah.gov,28,0,gov,100.0,0.8,0.0033282,0.061482088,3,2,0,0,0.0,21,0.6,0,0.0,0,0,0,2,0.057,1,976,8047,1,attorneygeneralutah,0.0,0.0,1,1,1,1,0,1,0,1,0,1,1,1,0,0,0,0,0,87,15,30,106,5,114,1
491383.txt,https://www.myworldofwork.co.uk,30,www.myworldofwork.co.uk,23,0,uk,100.0,0.875,0.028555,0.052452741,2,2,0,0,0.0,16,0.533,0,0.0,0,0,0,2,0.067,1,974,3510,1,myworldofworkco,0.0,0.0,0,0,1,0,0,0,0,2,0,1,0,0,0,0,0,0,1,17,9,13,78,0,18,1
7958753.txt,http://asxx-coin.com,19,asxx-coin.com,13,0,com,72.97008547,0.555555556,0.5229071,0.061574993,3,0,0,0,0.0,10,0.526,0,0.0,0,0,0,2,0.105,0,2,28,0,0,0.0,0.0,0,0,0,0,0,0,0,0,0,0,0,0,0,0,0,0,0,0,0,0,0,0,0,0
528392.txt,https://www.onlinegambling.ca,28,www.onlinegambling.ca,21,0,ca,100.0,1.0,0.0101825,0.058154616,2,1,0,0,0.0,15,0.536,0,0.0,0,0,0,1,0.036,1,3882,19878,1,onlinegambling,100.0,100.0,1,0,1,0,0,0,0,1,0,1,1,0,0,1,1,1,1,267,1,4,379,4,15,1
86397.txt,https://www.pressparty.com,25,www.pressparty.com,18,0,com,100.0,1.0,0.5229071,0.058354809,3,1,0,0,0.0,12,0.48,0,0.0,0,0,0,1,0.04,1,484,862,1,pressparty,100.0,100.0,1,1,0,0,0,0,0,1,0,1,0,0,0,0,0,0,1,3,3,13,52,0,53,1
104201.txt,https://www.pillsburybaking.com,30,www.pillsburybaking.com,23,0,com,100.0,1.0,0.5229071,0.047326604,3,1,0,0,0.0,17,0.567,0,0.0,0,0,0,1,0.033,1,735,9381,1,pillsburybaking,100.0,100.0,1,1,1,0,0,1,0,0,0,1,1,0,0,0,0,0,0,9,4,13,60,4,51,1
oph00809.txt,http://www.altiusinstitute.in/ss/7z=jvuzepsws3a/bellzall.php?email=,66,www.altiusinstitute.in,22,0,in,23.77036341,1.0,0.0050842,0.046871517,2,1,0,0,0.0,46,0.697,2,0.03,1,1,0,5,0.106,0,9,112,1,altiusstitutess7z=jvuzepsws3abellzallphp?email,0.0,0.0,0,0,0,0,0,0,0,0,0,0,0,0,0,0,0,0,0,0,0,0,1,0,1,0
8102692.txt,https://ga--gestionaccess.repl.co/,34,ga--gestionaccess.repl.co,25,0,co,48.16774446,0.681818182,0.0059772,0.065909895,2,1,0,0,0.0,21,0.618,0,0.0,0,0,0,5,0.147,1,198,869,1,ga--gestionaccessrepl,0.0,0.0,0,0,0,0,0,0,0,0,0,0,0,0,0,0,0,0,0,0,0,0,0,0,2,0
737343.txt,https://www.tweepsect.com,24,www.tweepsect.com,17,0,com,100.0,1.0,0.5229071,0.065294128,3,1,0,0,0.0,11,0.458,0,0.0,0,0,0,1,0.042,1,1403,9381,1,tweepsect,100.0,100.0,0,1,1,0,0,1,0,1,0,0,1,1,0,0,0,0,1,47,4,10,117,0,120,1
mw47068.txt,http://www.optionstoreplace.com,30,www.optionstoreplace.com,24,0,com,67.45001031,1.0,0.5229071,0.069848471,3,1,0,0,0.0,18,0.6,0,0.0,0,0,0,1,0.033,0,110,242,1,optionstoreplace,100.0,100.0,0,0,1,0,0,0,0,0,0,0,1,0,0,0,0,0,0,3,0,0,0,0,4,0
8003136.txt,https://d177d14b-ccf2-4ec5-a123-897cf51c83b4.id.repl.co/,55,d177d14b-ccf2-4ec5-a123-897cf51c83b4.id.repl.co,47,0,co,36.81132861,0.181818182,0.0059772,0.029576732,2,2,0,0,0.0,21,0.382,19,0.345,0,0,0,7,0.127,1,198,869,1,d177d14b-ccf2-4ec5-a123-897cf51c83b4idrepl,0.0,0.0,0,0,0,0,0,0,0,0,0,0,0,0,0,0,0,0,0,0,0,0,0,0,2,0
mw36227.txt,http://www.financialwiki.pw,26,www.financialwiki.pw,20,0,pw,72.74125336,1.0,0.0001665,0.050968899,2,1,0,0,0.0,14,0.538,0,0.0,0,0,0,1,0.038,0,33,137,1,financialwiki,100.0,100.0,0,0,0,0,0,0,0,0,0,0,0,0,0,0,0,0,0,1,0,0,0,0,1,0
8054572.txt,http://nftclaim.net,19,nftclaim.net,12,0,net,66.23931624,1.0,0.0384199,0.059252134,3,0,0,0,0.0,11,0.579,0,0.0,0,0,0,1,0.053,0,9,50,1,nftclaim,100.0,100.0,0,0,0,0,0,0,0,0,0,0,0,0,0,0,0,0,0,0,0,0,0,0,0,0
97877.txt,https://www.adst.org,19,www.adst.org,12,0,org,100.0,1.0,0.0799628,0.064471265,3,1,0,0,0.0,6,0.316,0,0.0,0,0,0,1,0.053,1,462,6036,1,adst,100.0,100.0,0,1,1,0,0,0,0,0,0,1,0,1,0,0,0,0,1,5,7,10,0,0,74,1
240388.txt,https://www.2048original.com,27,www.2048original.com,20,0,com,100.0,1.0,0.5229071,0.048711197,3,1,0,0,0.0,10,0.37,4,0.148,0,0,0,1,0.037,1,491,1350,1,2048original,100.0,100.0,0,0,1,0,0,1,0,3,0,0,0,1,0,0,1,0,1,8,6,10,16,0,4,1
8045901.txt,https://qawqwqa34321.firebaseapp.com/,37,qawqwqa34321.firebaseapp.com,28,0,com,59.54433498,0.708333333,0.5229071,0.040172435,3,1,0,0,0.0,21,0.568,5,0.135,0,0,0,3,0.081,1,108,8125,1,qawqwqa34321firebaseapp,0.0,0.0,0,0,1,0,0,0,0,0,0,0,0,0,0,0,0,0,0,0,0,0,0,0,3,0
123560.txt,https://www.euclid-ec.org,24,www.euclid-ec.org,17,0,org,100.0,0.777777778,0.0799628,0.065738708,3,1,0,0,0.0,10,0.417,0,0.0,0,0,0,2,0.083,1,219,1782,1,euclid-ec,100.0,100.0,0,0,1,0,0,0,0,0,0,1,1,0,0,0,1,0,1,15,6,8,52,0,58,1
oph02444.txt,https://mltbnk-vorood.net/,25,mltbnk-vorood.net,17,0,net,52.24913495,0.538461538,0.0384199,0.057900457,3,0,0,0,0.0,15,0.6,0,0.0,0,0,0,2,0.08,1,116,125,1,mltbnk-vorood,100.0,100.0,0,0,1,1,0,0,0,0,0,0,1,0,1,1,0,0,0,1,1,2,0,0,0,0
532009.txt,https://www.grassrootinstitute.org,33,www.grassrootinstitute.org,26,0,org,100.0,1.0,0.0799628,0.064791951,3,1,0,0,0.0,20,0.606,0,0.0,0,0,0,1,0.03,1,1241,9381,1,grassrootinstitute,100.0,100.0,0,1,1,0,0,1,1,2,1,1,1,1,0,1,0,0,1,23,25,39,167,2,161,1
8115750.txt,https://ebanking-ch3-ubs-a3ab0.web.app/login.html?session=4whnd21atruhfi6g8oprsejszy6inglarwnptvtlralldtt0qdqelqmlo0492q2jjth7qvkow62wxpt4611tkg0o6apnv5lml1%5cu0026amp;auth=c7df4609-7819-4ab6-b43a-409f4f077478,209,ebanking-ch3-ubs-a3ab0.web.app,30,0,app,7.029038836,0.384615385,0.001502,0.032399638,3,1,0,0,0.0,131,0.627,54,0.258,2,1,1,12,0.077,1,635,606,1,ebanking-ch3-ubs-a3ab0webloginhtml?session=4whnd21atruhfi6g8oprsejszy6inglarwnptvtlralldtt0qdqelqmlo0492q2jjth7qvkow62wxpt4611tkg0o6apnv5lml1%5cu0026amp;auth=c7df4609-7819-4ab6-b43a-409f4f077478,0.0,0.0,1,0,1,1,0,0,0,0,0,0,1,1,0,1,0,0,1,2,2,9,0,0,29,0
7968477.txt,https://www.amaeozn-co-jp.amazecn.weikyf.top/ap/signin,53,www.amaeozn-co-jp.amazecn.weikyf.top,36,0,top,24.37905395,0.285714286,0.0002752,0.055868172,3,3,0,0,0.0,34,0.642,0,0.0,0,0,0,7,0.132,1,13,73,1,amaeozn-co-jpamazecnweikyfapsigni,0.0,0.0,0,0,0,1,0,0,0,0,0,0,0,0,0,0,0,0,0,0,0,0,0,0,1,0
mw115916.txt,http://www.kkarakas.com,22,www.kkarakas.com,16,0,com,75.32051282,1.0,0.5229071,0.058542247,3,1,0,0,0.0,10,0.455,0,0.0,0,0,0,1,0.045,0,238,19531,1,kkarakas,100.0,100.0,0,0,1,0,0,1,1,0,0,0,1,1,1,1,0,0,1,0,1,10,13,0,2,0
660548.txt,https://www.shearheavenvt.com,28,www.shearheavenvt.com,21,0,com,100.0,1.0,0.5229071,0.060449428,3,1,0,0,0.0,15,0.536,0,0.0,0,0,0,1,0.036,1,420,9381,1,shearheavenvt,100.0,100.0,0,1,1,0,0,1,0,1,0,1,1,1,0,0,0,0,1,23,16,40,56,0,64,1
oph08486.txt,https://steacormunity.ru/profiles/76561199080967741,51,steacormunity.ru,16,0,ru,23.92448006,1.0,0.0180132,0.034260798,2,0,0,0,0.0,23,0.451,17,0.333,0,0,0,3,0.059,1,2,289,1,steacormunityprofiles76561199080967741,0.0,100.0,0,0,0,0,0,0,0,0,0,0,0,0,0,0,0,0,0,0,0,0,0,0,0,0
8018901.txt,https://demo3.cloudwp.dev/trial-2y94w1y4/wp-admin/maint/metamask/_mask/w.php?p=593a869a0880cbba64ae&amp;593a869a0880cbba64ae9e06c35576e7=593a869as593a869a0880cbba64ae&amp;593a869a0880cbba64ae9e06c35576e7=593a869am593a869a0880cbba64ae&amp;593a869a0880cbba64ae9e06c35576e7=593a869a,278,demo3.cloudwp.dev,17,0,dev,5.944667869,0.692307692,0.0009613,0.030856117,3,1,0,0,0.0,124,0.446,123,0.442,4,1,0,18,0.083,1,9,6651,1,demo3cloudwptrial-2y94w1y4wp-adminmaintmetamask_maskwphp?p=593a869a0880cbba64ae&amp;593a869a0880cbba64ae9e06c35576e7=593a869as593a869a0880cbba64ae&amp;593a869a0880cbba64ae9e06c35576e7=593a869am593a869a0880cbba64ae&amp;593a869a0880cbba64ae9e06c35576e7=593a869,0.0,0.0,0,0,1,0,0,0,0,1,0,0,1,1,0,0,0,0,0,0,0,0,1,0,2,0
504435.txt,https://www.dorrety.com,22,www.dorrety.com,15,0,com,100.0,1.0,0.5229071,0.065568418,3,1,0,0,0.0,9,0.409,0,0.0,0,0,0,1,0.045,1,33078,82067,1,dorrety,100.0,100.0,0,0,1,0,0,1,0,19,0,1,1,1,1,1,1,0,0,2106,1,18,156,0,45,1
oph00650.txt,https://dhlrewardscards.com/admin,32,dhlrewardscards.com,19,0,com,44.51692308,1.0,0.5229071,0.057480832,3,0,0,0,0.0,22,0.688,0,0.0,0,0,0,2,0.062,1,9,83,1,dhlrewardscardsadmi,0.0,95.0,0,0,0,0,0,0,0,0,0,0,0,0,0,0,0,0,0,0,0,0,1,0,1,0
oph02222.txt,http://81.68.124.227/din.php,28,81.68.124.227,13,1,227,24.88146774,0.444444444,0.0,0.014973157,3,2,0,0,0.0,6,0.214,10,0.357,0,0,0,5,0.179,0,16,73,0,0,0.0,0.0,0,0,0,1,0,0,0,0,0,0,0,0,0,0,0,0,0,0,0,0,0,0,0,0
7774792.txt,http://quarantine-mes2742022-1311564033.cos.na-ashburn.myqcloud.com/quarantine.html,82,quarantine-mes2742022-1311564033.cos.na-ashburn.myqcloud.com,60,0,com,16.11235025,0.375,0.5229071,0.042964238,3,3,0,0,0.0,49,0.598,17,0.207,0,0,0,9,0.11,0,236,7867,1,quarantine-mes2742022-1311564033cosna-ashburnmyqcloudquarantinehtm,0.0,0.0,0,0,1,1,0,1,0,0,0,0,1,1,1,0,0,0,0,0,2,6,0,1,3,0
7961009.txt,https://bafybeifrbmwptjplnuquznl3y35lnhj2f5qit62zsgfbfcp7l454h4orca.ipfs.w3s.link/rkl22.shtml?email+,99,bafybeifrbmwptjplnuquznl3y35lnhj2f5qit62zsgfbfcp7l454h4orca.ipfs.w3s.link,73,0,link,8.85572291,0.411764706,0.0003306,0.033966514,4,2,0,0,0.0,70,0.707,15,0.152,0,1,0,5,0.061,1,4,81463,0,0,0.0,0.0,0,0,0,0,0,0,0,0,0,0,0,0,0,0,0,0,0,0,0,0,0,0,0,0
220743.txt,https://www.pantheoneaudio.com,29,www.pantheoneaudio.com,22,0,com,100.0,1.0,0.5229071,0.066649387,3,1,0,0,0.0,16,0.552,0,0.0,0,0,0,1,0.034,1,1390,17309,1,pantheoneaudio,100.0,100.0,1,0,1,0,0,0,0,0,0,1,1,0,0,0,1,0,1,3,1,8,4,0,5,1
132434.txt,https://www.sp-today.com,23,www.sp-today.com,16,0,com,100.0,0.75,0.5229071,0.05982943,3,1,0,0,0.0,9,0.391,0,0.0,0,0,0,2,0.087,1,1079,4254,1,sp-today,100.0,100.0,1,0,1,0,0,1,0,1,0,1,0,0,0,1,1,1,1,16,6,17,53,1,69,1
247580.txt,https://www.trendigo.com,23,www.trendigo.com,16,0,com,100.0,1.0,0.5229071,0.066354374,3,1,0,0,0.0,10,0.435,0,0.0,0,0,0,1,0.043,1,295,293,1,trendigo,100.0,100.0,1,0,1,0,0,0,0,0,0,1,0,0,0,0,1,0,0,25,4,7,0,2,15,1
122660.txt,https://www.startupinstitute.com,31,www.startupinstitute.com,24,0,com,100.0,1.0,0.5229071,0.059316913,3,1,0,0,0.0,18,0.581,0,0.0,0,0,0,1,0.032,1,1135,16869,1,startupinstitute,100.0,100.0,1,0,1,0,0,1,0,5,0,1,1,0,0,0,1,0,1,14,2,22,53,0,16,1
74412.txt,https://www.cozmoslabs.com,25,www.cozmoslabs.com,18,0,com,100.0,1.0,0.5229071,0.064822409,3,1,0,0,0.0,12,0.48,0,0.0,0,0,0,1,0.04,1,700,17097,1,zmoslabs,80.0,80.0,0,1,1,0,0,0,0,6,0,1,1,1,0,0,1,0,1,31,1,12,81,1,95,1
521503.txt,https://www.clonedinchina.com,28,www.clonedinchina.com,21,0,com,100.0,1.0,0.5229071,0.066029036,3,1,0,0,0.0,15,0.536,0,0.0,0,0,0,1,0.036,1,441,1744,1,clonedinchina,100.0,100.0,0,0,0,0,0,0,0,1,0,0,1,0,0,1,1,0,0,14,1,7,101,0,20,1
8105177.txt,https://maildinshaakckjnw258.web.app/,37,maildinshaakckjnw258.web.app,28,0,app,36.68191414,0.875,0.001502,0.041542698,3,1,0,0,0.0,23,0.622,3,0.081,0,0,0,3,0.081,1,108,8125,1,maildinshaakckjnw258web,0.0,0.0,0,0,1,0,0,0,0,0,0,0,0,0,0,0,0,0,0,0,0,0,0,0,3,0
7968480.txt,https://www.amaeozn-co-jp.amazecn.vblqsi.top/ap/signin,53,www.amaeozn-co-jp.amazecn.vblqsi.top,36,0,top,23.93081264,0.285714286,0.0002752,0.055544512,3,3,0,0,0.0,34,0.642,0,0.0,0,0,0,7,0.132,1,13,73,1,amaeozn-co-jpamazecnvblqsiapsigni,0.0,0.0,0,0,0,1,0,0,0,0,0,0,0,0,0,0,0,0,0,0,0,0,0,0,1,0
7998162.txt,http://helpcenterid.cc/upgrade/service/login,43,helpcenterid.cc,15,0,cc,37.0995996,1.0,0.0010349,0.058623015,2,0,0,0,0.0,32,0.744,0,0.0,0,0,0,4,0.093,0,2,52,0,0,0.0,0.0,0,0,0,0,0,0,0,0,0,0,0,0,0,0,0,0,0,0,0,0,0,0,0,0
8038395.txt,https://tuttivadavantity.firebaseapp.com/,40,tuttivadavantity.firebaseapp.com,32,0,com,55.70549242,0.607142857,0.5229071,0.054964054,3,1,0,0,0.0,30,0.75,0,0.0,0,0,0,2,0.05,1,16,110,1,tuttivadavantityfirebaseapp,0.0,0.0,0,0,0,1,0,0,0,0,0,0,0,0,0,0,0,0,0,0,0,0,0,0,2,0
815468.txt,https://www.kwxx.com,19,www.kwxx.com,12,0,com,100.0,1.0,0.5229071,0.034902701,3,1,0,0,0.0,6,0.316,0,0.0,0,0,0,1,0.053,1,2637,9381,1,kwxx,100.0,100.0,0,1,1,0,0,1,0,0,0,1,0,1,0,1,0,0,1,57,80,106,125,5,158,1
163859.txt,https://www.hrlc.org.au,22,www.hrlc.org.au,15,0,au,100.0,0.625,0.0100856,0.059486973,2,2,0,0,0.0,8,0.364,0,0.0,0,0,0,2,0.091,1,6543,16727,1,hrlcorg,0.0,0.0,1,0,1,1,0,1,0,2,0,1,1,0,0,0,1,0,1,50,6,20,155,0,36,1
58440.txt,https://www.tobycarvery.co.uk,28,www.tobycarvery.co.uk,21,0,uk,100.0,0.857142857,0.028555,0.056676485,2,2,0,0,0.0,14,0.5,0,0.0,0,0,0,2,0.071,1,1267,6170,1,tobycarveryco,0.0,0.0,0,1,1,0,0,1,0,5,0,1,0,0,0,0,1,0,1,64,14,13,53,3,4,1
8019112.txt,https://colormixpinturerias.com/wp-admin/user/brgs/,50,colormixpinturerias.com,23,0,com,43.59542267,1.0,0.5229071,0.057649766,3,0,0,0,0.0,37,0.74,0,0.0,0,0,0,5,0.1,1,184,100,0,0,0.0,0.0,0,0,0,0,0,0,0,0,0,0,0,0,0,0,0,0,0,0,0,0,0,0,0,0
7719273.txt,https://agencesgwn004.web.app/,29,agencesgwn004.web.app,21,0,app,51.02040816,0.823529412,0.001502,0.043707917,3,1,0,0,0.0,16,0.552,3,0.103,0,0,0,2,0.069,1,35,263,1,agencesgwn004web,0.0,0.0,0,0,0,0,0,0,0,0,0,0,0,0,0,0,0,0,0,1,0,0,0,0,1,0
8113885.txt,https://validaaarbcr309.jimdosite.com/,38,validaaarbcr309.jimdosite.com,29,0,com,57.39992073,0.64,0.5229071,0.0540817,3,1,0,0,0.0,24,0.632,3,0.079,0,0,0,3,0.079,1,88,2884,1,validaaarbcr309jimdosite,0.0,0.0,0,1,1,0,0,0,0,0,0,0,0,1,0,0,0,0,0,0,1,0,1,0,0,0
474658.txt,https://www.maharashtratourism.net,33,www.maharashtratourism.net,26,0,net,100.0,1.0,0.0384199,0.062474162,3,1,0,0,0.0,20,0.606,0,0.0,0,0,0,1,0.03,1,731,330,1,maharashtratourism,100.0,100.0,0,0,1,0,0,1,0,0,0,0,1,0,0,0,1,0,1,5,6,11,167,0,0,1
mw141460.txt,http://www.fhkfq.jxvd.cc,24,www.fhkfq.jxvd.cc,17,0,cc,42.44897959,0.6,0.0010349,0.024263733,2,2,0,0,0.0,11,0.458,0,0.0,0,0,0,2,0.083,0,2,33,0,0,0.0,0.0,0,0,0,0,0,0,0,0,0,0,0,0,0,0,0,0,0,0,0,0,0,0,0,0
24287.txt,https://www.janes.com,20,www.janes.com,13,0,com,100.0,1.0,0.5229071,0.066448782,3,1,0,0,0.0,7,0.35,0,0.0,0,0,0,1,0.05,1,1943,2241,1,janes,100.0,100.0,0,0,1,0,0,1,0,1,0,1,0,1,0,0,0,0,1,125,1,15,174,3,11,1
162798.txt,https://www.baikal-daily.ru,26,www.baikal-daily.ru,19,0,ru,100.0,0.583333333,0.0180132,0.050121833,2,1,0,0,0.0,12,0.462,0,0.0,0,0,0,2,0.077,1,4371,1924,1,baikal-daily,100.0,100.0,1,0,1,1,0,1,0,2,0,1,1,1,0,0,1,0,1,92,4,11,406,5,37,1
57262.txt,https://www.grassley.senate.gov,30,www.grassley.senate.gov,23,0,gov,100.0,0.6,0.0033282,0.061786321,3,2,0,0,0.0,16,0.533,0,0.0,0,0,0,2,0.067,1,1676,7077,1,grassleysenate,0.0,0.0,1,0,1,0,0,1,0,1,0,1,1,1,0,0,0,0,0,11,3,14,82,0,88,1
822674.txt,https://www.granit.com.mk,24,www.granit.com.mk,17,0,mk,100.0,0.7,0.0001423,0.064642945,2,2,0,0,0.0,10,0.417,0,0.0,0,0,0,2,0.083,1,997,8047,1,granitco,0.0,0.0,0,1,1,0,0,0,0,1,0,1,0,0,0,0,1,0,1,34,31,36,91,0,103,1
8044948.txt,http://dapar.com.py/mhn/dsf/tkun.htm,36,dapar.com.py,12,0,py,35.307174,0.666666667,0.0001223,0.047845368,2,1,0,0,0.0,23,0.639,0,0.0,0,0,0,6,0.167,0,6,233,0,0,0.0,0.0,0,0,0,0,0,0,0,0,0,0,0,0,0,0,0,0,0,0,0,0,0,0,0,0
684083.txt,https://www.culvercityobserver.com,33,www.culvercityobserver.com,26,0,com,100.0,1.0,0.5229071,0.059254334,3,1,0,0,0.0,20,0.606,0,0.0,0,0,0,1,0.03,1,847,4746,1,culvercityobserver,100.0,100.0,0,1,1,0,0,1,0,0,0,1,1,0,0,0,1,0,1,40,10,6,111,0,106,1
mw51124.txt,http://www.servehumour.com,25,www.servehumour.com,19,0,com,75.64338235,1.0,0.5229071,0.061285331,3,1,0,0,0.0,13,0.52,0,0.0,0,0,0,1,0.04,0,2,34,0,0,0.0,0.0,0,0,0,0,0,0,0,0,0,0,0,0,0,0,0,0,0,0,0,0,0,0,0,0
8004006.txt,https://www-cr-mufg-jp.rgbjl.com/?ja=4gwpb.halpu,47,www-cr-mufg-jp.rgbjl.com,24,0,com,25.54268293,0.3,0.5229071,0.036057805,3,1,0,0,0.0,29,0.617,1,0.021,1,1,0,7,0.191,1,104,2116,1,www-cr-mufg-jprgbjl?ja=4gwpbhalp,0.0,0.0,0,1,1,1,0,0,0,0,0,0,0,1,0,0,1,0,0,0,1,0,1,0,1,0
48143.txt,https://www.parentstv.org,24,www.parentstv.org,17,0,org,100.0,1.0,0.0799628,0.059712631,3,1,0,0,0.0,11,0.458,0,0.0,0,0,0,1,0.042,1,592,744,1,parentstv,100.0,100.0,1,1,1,0,0,0,0,0,0,1,1,1,0,1,0,0,1,12,8,10,49,0,34,1
903311.txt,https://www.wrekingolfclub.co.uk,31,www.wrekingolfclub.co.uk,24,0,uk,100.0,0.882352941,0.028555,0.050886,2,2,0,0,0.0,17,0.548,0,0.0,0,0,0,2,0.065,1,2511,8047,1,wrekingolfclbco,0.0,0.0,1,1,1,0,0,0,0,2,0,0,1,1,0,0,0,0,1,18,17,29,76,0,83,1
8092540.txt,http://www.americaoexpeecs.co.jp.amtwtw.cn/,43,www.americaoexpeecs.co.jp.amtwtw.cn,35,0,cn,46.46201873,0.571428571,0.0033218,0.061183718,2,4,0,0,0.0,27,0.628,0,0.0,0,0,0,5,0.116,0,10,527,0,0,0.0,0.0,1,0,1,0,0,0,0,0,0,0,0,0,0,0,0,0,0,0,1,1,0,0,0,0
41828.txt,https://www.skiforeningen.no,27,www.skiforeningen.no,20,0,no,100.0,1.0,0.0023289,0.058215492,2,1,0,0,0.0,14,0.519,0,0.0,0,0,0,1,0.037,1,693,1296,1,skiforeige,0.0,0.0,0,0,1,0,0,0,0,1,0,1,1,0,0,0,0,0,0,23,0,15,63,2,7,1
7969927.txt,https://www.ekni-nct.ekint.hjrsyv.top/load.php,45,www.ekni-nct.ekint.hjrsyv.top,29,0,top,29.74789916,0.333333333,0.0002752,0.050114947,3,3,0,0,0.0,27,0.6,0,0.0,0,0,0,6,0.133,1,9,54,1,ekni-nctekinthjrsyvloadph,0.0,0.0,0,0,0,0,0,0,0,0,0,0,0,0,0,0,0,0,0,0,0,0,0,0,0,0
135164.txt,https://www.momfabulous.com,26,www.momfabulous.com,19,0,com,100.0,1.0,0.5229071,0.060362899,3,1,0,0,0.0,13,0.5,0,0.0,0,0,0,1,0.038,1,3968,46692,1,momfabulous,100.0,100.0,0,1,1,0,0,1,0,21,0,1,1,1,0,0,0,0,1,46,21,13,226,11,240,1
94932.txt,https://www.clarkscondensed.com,30,www.clarkscondensed.com,23,0,com,100.0,1.0,0.5229071,0.064204789,3,1,0,0,0.0,17,0.567,0,0.0,0,0,0,1,0.033,1,1824,12755,1,clarksndensed,0.0,0.0,1,1,1,0,0,1,1,5,1,1,1,1,0,0,1,0,1,14,12,24,79,1,98,1
17948.txt,https://www.pcrm.org,19,www.pcrm.org,12,0,org,100.0,1.0,0.0799628,0.064349413,3,1,0,0,0.0,6,0.316,0,0.0,0,0,0,1,0.053,1,3152,36376,1,pcrm,100.0,100.0,1,0,1,0,0,1,0,2,0,1,0,1,0,0,0,1,1,25,2,11,201,0,14,1
8080034.txt,http://www.amazcazzm-co-jp.amazococn.77271.top/,47,www.amazcazzm-co-jp.amazococn.77271.top,39,0,top,28.82539683,0.483870968,0.0002752,0.049597983,3,3,0,0,0.0,25,0.532,5,0.106,0,0,0,6,0.128,0,2,537,0,0,0.0,0.0,1,0,1,0,0,0,0,0,0,0,0,0,0,0,0,0,0,0,1,1,0,0,0,0
mw12789.txt,http://www.urlmanage.com,23,www.urlmanage.com,17,0,com,70.24513948,1.0,0.5229071,0.064743608,3,1,0,0,0.0,11,0.478,0,0.0,0,0,0,1,0.043,0,2,32,0,0,0.0,0.0,0,0,0,0,0,0,0,0,0,0,0,0,0,0,0,0,0,0,0,0,0,0,0,0
66898.txt,https://www.jancisrobinson.com,29,www.jancisrobinson.com,22,0,com,100.0,1.0,0.5229071,0.064713164,3,1,0,0,0.0,16,0.552,0,0.0,0,0,0,1,0.034,1,1203,2805,1,jancisrobinson,100.0,100.0,1,0,1,0,0,1,0,1,1,1,1,1,1,0,1,0,1,23,43,38,89,2,10,1
650208.txt,https://www.getofficeplus.com,28,www.getofficeplus.com,21,0,com,100.0,1.0,0.5229071,0.057394323,3,1,0,0,0.0,15,0.536,0,0.0,0,0,0,1,0.036,1,544,2276,1,getofficeplus,100.0,100.0,0,0,0,0,0,0,0,0,1,1,1,1,1,0,0,0,1,20,13,18,45,0,57,1
465159.txt,https://www.electricity-club.co.uk,33,www.electricity-club.co.uk,26,0,uk,100.0,0.631578947,0.028555,0.058743832,2,2,0,0,0.0,18,0.545,0,0.0,0,0,0,3,0.091,1,1137,8949,1,electricity-clbco,0.0,0.0,0,1,1,0,0,0,0,0,1,1,1,0,1,0,1,0,1,22,16,32,118,0,123,1
8033221.txt,https://espaces-paiements-amendes.fr/,36,espaces-paiements-amendes.fr,28,0,fr,47.0531316,0.4,0.0141483,0.063638147,2,0,0,0,0.0,25,0.694,0,0.0,0,0,0,3,0.083,1,2,45,0,0,0.0,0.0,0,0,0,0,0,0,0,0,0,0,0,0,0,0,0,0,0,0,0,0,0,0,0,0
mw51318.txt,http://www.port25.biz,20,www.port25.biz,14,0,biz,80.0,1.0,0.0017975,0.041683686,3,1,0,0,0.0,6,0.3,2,0.1,0,0,0,1,0.05,0,16,50,1,port25,100.0,100.0,0,0,0,0,0,0,0,0,0,0,0,0,0,0,0,0,0,0,0,0,0,0,0,0
431035.txt,https://www.necgroup.co.uk,25,www.necgroup.co.uk,18,0,uk,100.0,0.818181818,0.028555,0.061507166,2,2,0,0,0.0,11,0.44,0,0.0,0,0,0,2,0.08,1,1078,451,1,necgropco,0.0,0.0,1,1,1,0,0,1,0,2,0,1,0,1,0,0,0,0,1,31,4,11,76,0,24,1
mw132001.txt,http://www.eblaghy.ga,21,www.eblaghy.ga,14,0,ga,57.30027548,1.0,0.0002256,0.04579617,2,1,0,0,0.0,9,0.429,0,0.0,0,0,0,1,0.048,0,20,208,1,eblaghy,100.0,100.0,0,0,0,1,1,0,0,0,0,0,0,0,0,0,0,0,0,0,0,0,0,0,0,0
7999635.txt,https://2ac8e12c-359d-46fb-9331-68160a2ea981.id.repl.co/index1.html,66,2ac8e12c-359d-46fb-9331-68160a2ea981.id.repl.co,47,0,co,22.25222637,0.227272727,0.0059772,0.031447056,2,2,0,0,0.0,26,0.394,23,0.348,0,0,0,9,0.136,1,198,869,1,2ac8e12c-359d-46fb-9331-68160a2ea981idreplindex1htm,0.0,0.0,0,0,0,0,0,0,0,0,0,0,0,0,0,0,0,0,0,0,0,0,0,0,2,0
8116302.txt,https://calm-night-4707.nhvqf59moo9151.workers.dev/,51,calm-night-4707.nhvqf59moo9151.workers.dev,42,0,dev,31.12947658,0.315789474,0.0009613,0.037910321,3,2,0,0,0.0,27,0.529,10,0.196,0,0,0,6,0.118,1,90,394,1,calm-night-4707nhvqf59moo9151workers,0.0,0.0,0,1,1,0,0,0,0,0,0,0,1,1,0,0,0,0,0,0,2,0,2,0,2,0
mw1343.txt,http://www.servelatmiru.com,26,www.servelatmiru.com,20,0,com,75.27573529,1.0,0.5229071,0.062953804,3,1,0,0,0.0,14,0.538,0,0.0,0,0,0,1,0.038,0,9,43,1,servelatmiru,100.0,100.0,0,0,0,0,0,0,0,0,0,0,0,0,0,0,0,0,0,0,0,0,0,0,0,0
522410.txt,https://www.vvaveteran.org,25,www.vvaveteran.org,18,0,org,100.0,1.0,0.0799628,0.059509485,3,1,0,0,0.0,12,0.48,0,0.0,0,0,0,1,0.04,1,268,3449,1,vvaveteran,100.0,100.0,0,0,0,0,0,0,1,0,0,1,0,0,0,0,0,0,1,13,1,1,0,0,6,1
125748.txt,https://www.theoldie.co.uk,25,www.theoldie.co.uk,18,0,uk,100.0,0.818181818,0.028555,0.063975945,2,2,0,0,0.0,11,0.44,0,0.0,0,0,0,2,0.08,1,986,1130,1,theoldieco,0.0,0.0,1,1,1,0,0,1,0,2,1,1,1,1,0,0,0,0,1,40,1,9,62,0,55,1
oph12880.txt,https://bafybeif7jzpm4pziptfkanuzktd7boftwheqvw2wtf2md4s37ooplv2dji.ipfs.dweb.link/dsum01.html,94,bafybeif7jzpm4pziptfkanuzktd7boftwheqvw2wtf2md4s37ooplv2dji.ipfs.dweb.link,74,0,link,10.64881297,0.246376812,0.0003306,0.033636911,4,2,0,0,0.0,70,0.745,11,0.117,0,0,0,5,0.053,1,6,2523890,0,0,0.0,1.25,0,0,0,0,0,0,0,0,0,0,0,0,0,0,0,0,0,0,0,0,0,0,0,0
op588.txt,http://143.198.227.120/das.php,29,143.198.227.120,15,1,120,36.42091997,0.363636364,0.0,0.013830956,3,2,0,0,0.0,5,0.172,12,0.414,0,0,0,5,0.172,0,16,76,0,0,0.0,0.0,0,0,0,1,0,0,0,0,0,0,0,0,0,0,0,0,0,0,0,0,0,0,0,0
237704.txt,https://www.95percentgroup.com,29,www.95percentgroup.com,22,0,com,100.0,1.0,0.5229071,0.054865729,3,1,0,0,0.0,14,0.483,2,0.069,0,0,0,1,0.034,1,988,1889,1,95percentgroup,100.0,100.0,0,0,1,0,0,1,0,3,0,1,1,1,0,0,0,0,1,37,12,7,112,0,31,1
oph03051.txt,https://reverfyboyint.github.io/milan,37,reverfyboyint.github.io,23,0,io,59.36583432,0.7,0.0129268,0.052111836,2,1,0,0,0.0,26,0.703,0,0.0,0,0,0,3,0.081,1,9,50,1,reverfyboyintgithubmilan,0.0,0.0,0,0,0,0,0,0,0,0,0,0,0,0,0,0,0,0,0,0,0,0,0,0,0,0
30031.txt,https://www.cnbcindonesia.com,28,www.cnbcindonesia.com,21,0,com,100.0,1.0,0.5229071,0.066809519,3,1,0,0,0.0,15,0.536,0,0.0,0,0,0,1,0.036,1,2007,1942,1,cnbcindonesia,100.0,100.0,1,1,1,0,0,1,0,10,0,1,0,0,0,1,1,0,1,43,30,31,140,3,172,1
8079974.txt,http://www.amazcaom-co-jp.amazzeocn.50227.top/,46,www.amazcaom-co-jp.amazzeocn.50227.top,38,0,top,29.72812654,0.5,0.0002752,0.051744737,3,3,0,0,0.0,24,0.522,5,0.109,0,0,0,6,0.13,0,2,537,0,0,3.333333333,3.333333333,1,0,1,0,0,0,0,0,0,0,0,0,0,0,0,0,0,0,1,1,0,0,0,0
81819.txt,https://www.belasartesalacarte.com.br,36,www.belasartesalacarte.com.br,29,0,br,100.0,0.863636364,0.0094423,0.066494902,2,2,0,0,0.0,22,0.611,0,0.0,0,0,0,2,0.056,1,1970,20202,1,elasartesalacartecom,0.0,0.0,0,0,1,0,0,1,0,2,0,1,0,1,1,0,1,0,1,13,6,46,31,3,76,1
450744.txt,https://www.bhkw-infothek.de,27,www.bhkw-infothek.de,20,0,de,100.0,0.692307692,0.0326503,0.040464983,2,1,0,0,0.0,13,0.481,0,0.0,0,0,0,2,0.074,1,387,9381,1,bhkw-infothek,100.0,100.0,1,1,0,0,0,1,0,1,0,1,1,0,0,0,0,0,0,13,7,10,78,0,78,1
oph02063.txt,https://ggdudu.webwave.dev/,26,ggdudu.webwave.dev,18,0,dev,45.61403509,0.571428571,0.0009613,0.039202216,3,1,0,0,0.0,16,0.615,0,0.0,0,0,0,2,0.077,1,66,3018,1,ggduduwebwave,0.0,0.0,0,0,0,0,0,1,0,0,0,0,0,1,0,0,0,0,0,0,2,2,2,0,0,0
414948.txt,https://www.ernst.senate.gov,27,www.ernst.senate.gov,20,0,gov,100.0,0.583333333,0.0033282,0.067644493,3,2,0,0,0.0,13,0.481,0,0.0,0,0,0,2,0.074,1,2432,339,1,ernstsenate,0.0,0.0,1,0,1,0,0,1,1,1,0,1,1,1,0,0,0,0,0,15,3,19,67,0,79,1
8018405.txt,https://cajesullana.top/1674829569/cmacsullanahomebanper/empresarial/login.htm,77,cajesullana.top,15,0,top,16.31529991,1.0,0.0002752,0.051158929,3,0,0,0,0.0,53,0.688,10,0.13,0,0,0,6,0.078,1,2,86,0,0,0.0,0.0,0,0,0,0,0,0,0,0,0,0,0,0,0,0,0,0,0,0,0,0,0,0,0,0
48277.txt,https://www.marijuanamoment.net,30,www.marijuanamoment.net,23,0,net,100.0,1.0,0.0384199,0.064817072,3,1,0,0,0.0,17,0.567,0,0.0,0,0,0,1,0.033,1,1566,9381,1,marijuanamoment,100.0,100.0,1,1,1,0,0,0,0,0,0,1,1,1,0,0,0,0,1,45,12,21,96,1,109,1
mw73397.txt,http://www.savannah.biz,22,www.savannah.biz,16,0,biz,77.88461538,1.0,0.0017975,0.053615624,3,1,0,0,0.0,10,0.455,0,0.0,0,0,0,1,0.045,0,6,217,1,savannah,100.0,100.0,0,0,0,0,0,1,0,0,0,0,0,0,0,0,0,0,0,0,0,0,0,0,0,0
7962084.txt,https://attsbchelp.boxmode.io/,29,attsbchelp.boxmode.io,21,0,io,48.03133375,0.611111111,0.0129268,0.058021375,2,1,0,0,0.0,19,0.655,0,0.0,0,0,0,2,0.069,1,53,197,1,attsbchelpboxmode,0.0,0.0,1,0,1,0,0,1,0,0,0,0,0,0,0,0,0,0,0,15,1,0,0,0,24,0
7714598.txt,https://acnote012.firebaseapp.com/,33,acnote012.firebaseapp.com,25,0,com,72.45233399,0.714285714,0.5229071,0.05706161,3,1,0,0,0.0,20,0.606,3,0.091,0,0,0,2,0.061,1,40,224,1,acnote012firebaseapp,0.0,0.0,0,0,0,0,0,0,0,0,0,0,0,0,0,0,0,0,0,1,1,4,0,0,2,0
257261.txt,https://www.llamadareal.us,25,www.llamadareal.us,18,0,us,100.0,1.0,0.0045585,0.06084046,2,1,0,0,0.0,12,0.48,0,0.0,0,0,0,1,0.04,1,912,687,1,llamadareal,100.0,100.0,1,0,1,1,0,1,0,0,0,1,0,1,0,0,0,0,1,29,18,30,3,1,14,1
oph07050.txt,http://www.whatsappsupport.com.tr/,34,www.whatsappsupport.com.tr,26,0,tr,60.4743083,0.842105263,0.0011882,0.053469345,2,2,0,0,0.0,20,0.588,0,0.0,0,0,0,3,0.088,0,9,50,1,whatsappsupportcom,0.0,0.0,0,0,0,0,0,0,0,0,0,0,0,0,0,0,0,0,0,0,0,0,0,0,0,0
412468.txt,https://www.kcom.com,19,www.kcom.com,12,0,com,100.0,1.0,0.5229071,0.071353047,3,1,0,0,0.0,6,0.316,0,0.0,0,0,0,1,0.053,1,936,450,1,km,0.0,0.0,0,0,1,0,0,1,0,2,0,1,1,0,0,0,1,0,1,25,1,7,101,0,22,1
168567.txt,https://www.philipwattsdesign.com,32,www.philipwattsdesign.com,25,0,com,100.0,1.0,0.5229071,0.052680609,3,1,0,0,0.0,19,0.594,0,0.0,0,0,0,1,0.031,1,4593,2948,1,philipwattsdesign,100.0,100.0,0,0,1,0,0,1,0,19,0,1,1,1,1,1,1,0,1,60,6,16,180,1,13,1
656154.txt,https://www.mosaictilesandmore.com,33,www.mosaictilesandmore.com,26,0,com,100.0,1.0,0.5229071,0.070195524,3,1,0,0,0.0,20,0.606,0,0.0,0,0,0,1,0.03,1,1907,5072,1,mosaictilesandmore,100.0,100.0,0,0,1,0,0,1,0,19,0,0,1,1,1,1,1,0,1,56,2,21,54,0,9,1
oph13730.txt,http://hxezp-sg.fr/,19,hxezp-sg.fr,11,0,fr,53.71900826,0.75,0.0141483,0.034183389,2,0,0,0,0.0,9,0.474,0,0.0,0,0,0,3,0.158,0,9,50,1,hxezp-sg,100.0,100.0,0,0,0,0,0,0,0,0,0,0,0,0,0,0,0,0,0,0,0,0,0,0,0,0
8025019.txt,http://accessoportalebancabper.com/,34,accessoportalebancabper.com,27,0,com,52.89045659,1.0,0.5229071,0.066974996,3,0,0,0,0.0,26,0.765,0,0.0,0,0,0,1,0.029,0,9,110,1,accessoportalebancabper,100.0,100.0,0,0,0,0,0,0,0,0,0,0,0,0,0,0,0,0,0,0,0,0,1,0,1,0
709953.txt,https://www.mathcamp.org,23,www.mathcamp.org,16,0,org,100.0,1.0,0.0799628,0.062764494,3,1,0,0,0.0,10,0.435,0,0.0,0,0,0,1,0.043,1,271,276,1,mathcamp,100.0,100.0,1,0,1,0,0,0,0,0,0,1,0,0,0,0,0,0,0,21,3,5,60,0,3,1
93118.txt,https://www.dgim.de,18,www.dgim.de,11,0,de,100.0,1.0,0.0326503,0.042708712,2,1,0,0,0.0,5,0.278,0,0.0,0,0,0,1,0.056,1,3921,11825,1,gim,75.0,75.0,1,0,1,0,0,1,0,0,0,1,1,1,0,0,0,1,1,8,6,15,116,3,36,1
426443.txt,https://www.retezat.ro,21,www.retezat.ro,14,0,ro,100.0,1.0,0.001523,0.06247972,2,1,0,0,0.0,8,0.381,0,0.0,0,0,0,1,0.048,1,332,453,1,etezat,85.71428571,85.71428571,0,0,1,0,0,1,0,0,0,0,1,0,0,0,0,0,0,16,3,6,40,0,53,1
mw205602.txt,http://www.cezaevinegonder.com,29,www.cezaevinegonder.com,23,0,com,72.29916898,1.0,0.5229071,0.064992417,3,1,0,0,0.0,17,0.586,0,0.0,0,0,0,1,0.034,0,27,75,1,cezaevinegonder,100.0,100.0,0,0,0,0,0,0,0,0,0,0,0,0,0,0,0,0,0,0,0,0,0,0,2,0
128759.txt,https://www.daughterhood.org,27,www.daughterhood.org,20,0,org,100.0,1.0,0.0799628,0.058968475,3,1,0,0,0.0,14,0.519,0,0.0,0,0,0,1,0.037,1,674,9381,1,daughterhood,100.0,100.0,1,1,1,0,0,0,0,0,0,1,1,1,1,0,1,0,1,16,14,23,39,0,58,1
mw65864.txt,http://www.live.fbcode.co,24,www.live.fbcode.co,18,0,co,68.33333333,0.636363636,0.0059772,0.055627191,2,2,0,0,0.0,11,0.458,0,0.0,0,0,0,2,0.083,0,8,41,1,livefbode,0.0,0.0,0,0,0,0,0,0,0,0,0,0,0,0,0,0,0,0,0,0,0,0,0,0,0,0
410452.txt,https://www.eglises.org,22,www.eglises.org,15,0,org,100.0,1.0,0.0799628,0.065467618,3,1,0,0,0.0,9,0.409,0,0.0,0,0,0,1,0.045,1,266,2455,1,eglises,100.0,100.0,1,1,1,0,0,1,0,0,0,0,1,0,0,0,0,0,0,6,5,4,24,0,25,1
778795.txt,https://www.factsjustforkids.com,31,www.factsjustforkids.com,24,0,com,100.0,1.0,0.5229071,0.052636598,3,1,0,0,0.0,18,0.581,0,0.0,0,0,0,1,0.032,1,503,8817,1,factsjustforkids,100.0,100.0,1,1,1,0,0,0,0,1,0,0,1,1,0,0,0,0,1,27,6,8,84,0,46,1
746756.txt,https://www.nashvillecares.org,29,www.nashvillecares.org,22,0,org,100.0,1.0,0.0799628,0.062133193,3,1,0,0,0.0,16,0.552,0,0.0,0,0,0,1,0.034,1,892,9381,1,nashvillecares,100.0,100.0,1,1,1,0,0,1,0,0,0,1,1,1,0,0,1,0,0,38,6,23,78,12,109,1
69559.txt,https://www.opquast.com,22,www.opquast.com,15,0,com,100.0,1.0,0.5229071,0.058679695,3,1,0,0,0.0,9,0.409,0,0.0,0,0,0,1,0.045,1,1434,1476,1,opquast,100.0,100.0,1,1,1,0,0,1,0,7,0,1,1,0,0,1,1,0,0,36,4,20,66,0,99,1
